"GEOID","median_income","family_hh","total_hh","pct_bachelors","pct_vacant","pct_white"
"421010001011",NA,0,0,NA,NA,NA
"421010001012",NA,0,0,NA,NA,NA
"421010001013",NA,0,0,NA,NA,NA
"421010001014",107172,137,831,94.4796380090498,8.78155872667399,78.5588752196837
"421010001015",122917,151,661,95.3459119496855,4.06386066763425,96.8531468531469
"421010001021",95441,187,988,86.3255033557047,15.1202749140893,79.4097920858484
"421010001022",NA,0,0,NA,NA,NA
"421010001023",127230,58,438,92.9347826086957,0,95.0540958268934
"421010001024",178409,72,210,91.8918918918919,0,90.7161803713528
"421010001025",96181,83,397,96.1711711711712,11.1856823266219,91.7647058823529
"421010002001",37727,489,1004,40.4422253922967,1.56862745098039,28.3756345177665
"421010002002",250001,196,672,78.6359077231695,8.07113543091655,78.141592920354
"421010002003",NA,0,66,38.1578947368421,50,30.188679245283
"421010002004",NA,0,0,NA,NA,NA
"421010003001",123011,227,753,79.863813229572,14.722536806342,66.7400881057269
"421010003002",NA,9,170,100,0,34.9056603773585
"421010003003",82469,28,581,92.5874125874126,9.92248062015504,57.2368421052632
"421010003004",101875,34,401,93.348623853211,0,68.5376661742984
"421010003005",113644,174,899,70.7401032702238,0,61.7959183673469
"421010004011",121161,84,577,88.125,20.3038674033149,56.9620253164557
"421010004012",69786,61,444,89.917695473251,6.13107822410148,67.5909878682842
"421010004013",88777,282,1058,70.2064896755162,8.7144089732528,40.0671140939597
"421010004031",NA,0,0,NA,NA,NA
"421010004032",187743,249,698,79.8219584569733,13.6138613861386,80.4971319311664
"421010004041",92683,131,624,55.7717250324254,11.3636363636364,79.3893129770992
"421010004042",95536,223,1049,72.2265932336743,28.8813559322034,85.1094890510949
"421010004043",104439,91,490,75.6388415672913,9.59409594095941,67.0713201820941
"421010005001",50304,21,479,57.1694599627561,17.1280276816609,44.5966514459665
"421010005002",NA,0,0,NA,NA,NA
"421010005003",95959,104,750,96.7875647668394,1.96078431372549,49.2944496707432
"421010005004",57796,88,251,15.1988636363636,19.2926045016077,33.969465648855
"421010006001",147183,192,770,91.3967611336032,12.9943502824859,59.7612958226769
"421010006002",116528,36,418,94.010889292196,37.5186846038864,84.2565597667638
"421010007011",129522,54,363,80.6896551724138,11.6788321167883,89.1170431211499
"421010007012",NA,79,344,73.0769230769231,18.2897862232779,85.2941176470588
"421010007013",78750,130,805,90.8021390374332,15.4411764705882,72.5114155251142
"421010007021",62800,136,450,57.4043261231281,16.9741697416974,74.0322580645161
"421010007022",68214,70,996,95.8904109589041,13.6915077989601,42.8773919206237
"421010008011",39731,65,325,100,0,62.5678119349005
"421010008012",204375,347,665,93.6936936936937,19.0997566909976,77.9019776440241
"421010008031",67819,71,542,77.5544388609715,8.13559322033898,79.0582403965304
"421010008032",72321,267,622,77.6086956521739,8.66372980910426,88.294930875576
"421010008033",155438,219,627,89.7347174163783,10.1719197707736,75.0544662309368
"421010008034",106641,186,547,92.8370786516854,14.2633228840125,82.3376623376623
"421010008051",69690,228,1491,88.2018927444795,14.3103448275862,73.4478935698448
"421010008052",207932,156,405,86.4864864864865,28.9473684210526,79.9435028248588
"421010008061",133488,216,918,74.9338040600176,13.7218045112782,88.5448916408669
"421010008062",215729,110,755,94.50441609421,19.8513800424628,66.5402843601896
"421010009011",60096,262,871,75.1497005988024,14.8582600195503,59.1018444266239
"421010009012",47037,29,726,80.8781869688385,13.0538922155689,49.6590909090909
"421010009021",77188,350,878,60.8763693270736,10.4081632653061,68.134328358209
"421010009022",94792,188,489,76.7175572519084,5.41586073500967,69.2867540029112
"421010010011",165917,103,501,88.6515353805073,9.72972972972973,93.469387755102
"421010010012",NA,0,0,NA,NA,NA
"421010010013",101442,473,1240,77.9478458049887,13.588850174216,88.1263616557734
"421010010021",104236,226,1161,80.1404853128991,14.9450549450549,90.6385616862988
"421010010022",221250,190,348,85.3503184713376,17.7304964539007,100
"421010010023",NA,0,0,0,NA,34.4827586206897
"421010010024",174583,201,715,94.8220064724919,8.45070422535211,73.2876712328767
"421010011011",119761,134,459,77.2657450076805,0,79.4736842105263
"421010011012",61250,164,890,59.5727198027938,2.09020902090209,64.1252552756978
"421010011013",44059,414,878,82.1882951653944,0,43.5251798561151
"421010011014",73587,31,312,78.3783783783784,0,66.2962962962963
"421010011021",112473,481,1003,92.6092544987146,6.4365671641791,76.8392370572207
"421010011022",NA,70,273,96.4187327823691,12.779552715655,84.6753246753247
"421010011023",250001,191,308,90.9262759924386,4.34782608695652,67.5675675675676
"421010012011",145234,150,377,94.1299790356394,0,88.2352941176471
"421010012012",195066,187,485,80.0619834710744,27.6119402985075,86.6231647634584
"421010012013",133221,169,583,91.0227272727273,7.1656050955414,76.008064516129
"421010012014",107313,238,649,89.8876404494382,3.70919881305638,86.5683865683866
"421010012031",101250,151,707,93.0998970133883,1.25698324022346,85.58476881233
"421010012032",137283,132,482,87.7384196185286,7.66283524904215,87.9487179487179
"421010012041",72156,255,951,91.8891170431211,5.65476190476191,79.21875
"421010012042",138100,185,552,82.2538860103627,12.241653418124,84.765625
"421010012043",109107,204,545,83.4619625137817,24.5152354570637,92.2270742358079
"421010013011",201339,266,481,95.945945945946,14.2602495543672,84.968496849685
"421010013012",NA,215,302,37.2997711670481,15.8774373259053,23.7160120845921
"421010013021",65655,21,379,89.238845144357,26.8339768339768,89.8876404494382
"421010013022",99488,197,421,91.2596401028278,4.31818181818182,94.5754716981132
"421010013023",120713,284,413,80.8184143222506,14.1372141372141,78.6608260325407
"421010013024",173375,368,767,86.7421180274859,11.1239860950174,74.169741697417
"421010014001",154063,353,619,80.8574277168495,18.0132450331126,80.3041274438812
"421010014002",98393,165,500,81.6599732262383,0,70.2508960573477
"421010014003",76509,259,1015,51.7605633802817,15.4870940882598,54.8780487804878
"421010015001",90799,188,545,86.1148197596796,11.0929853181077,85.4237288135593
"421010015002",124297,363,941,66.0412757973734,4.56389452332657,68.0205415499533
"421010016001",151528,188,721,78.396871945259,0,83.0639494026704
"421010016002",NA,217,582,91.0958904109589,21.7741935483871,96.221198156682
"421010017001",126042,260,680,81.8825910931174,12.0310478654593,85.2130325814536
"421010017002",161618,401,742,89.0736342042755,7.13391739674593,54.6071226681741
"421010018001",139495,528,1205,87.6266666666667,11.0044313146233,87.4137931034483
"421010018002",91875,190,495,61.260053619303,3.88349514563107,41.139896373057
"421010019001",190962,127,426,86.7321867321867,12.7049180327869,61.863488624052
"421010019002",155609,309,793,87.7687175685693,2.937576499388,67.1428571428571
"421010019003",132900,235,556,77.3420479302832,21.3578500707214,34.6117867165575
"421010020001",124315,267,689,76.5536723163842,6.63956639566396,52.7969348659004
"421010020002",51833,143,540,33.6898395721925,8.78378378378378,26.644370122631
"421010021001",99188,167,327,52.790346907994,4.10557184750733,35.2
"421010021002",136667,316,706,62.2052704576976,14.4242424242424,53.1080265540133
"421010022001",70329,133,452,67.9577464788732,28.0254777070064,50.407450523865
"421010022002",82083,226,347,38.5416666666667,0,27.3318872017354
"421010022003",100368,190,383,67.7685950413223,21.516393442623,63.1372549019608
"421010023001",110781,277,547,64.9474689589303,1.61870503597122,71.3131313131313
"421010023002",126685,374,773,67.8516228748068,5.61660561660562,79.6035805626598
"421010024001",118929,153,426,84.0182648401827,8.97435897435897,92.4460431654676
"421010024002",122566,283,553,74.4413407821229,0,65.0579150579151
"421010024003",27368,208,546,38.4949348769899,12.779552715655,51.165371809101
"421010024004",NA,185,428,44.3708609271523,18.4761904761905,93.2489451476793
"421010024005",86029,309,630,89.0625,8.95953757225434,80.5743243243243
"421010025001",78107,361,801,48.5307212822796,2.67314702308627,67.507204610951
"421010025002",155588,235,440,85.4320987654321,4.76190476190476,90.5033238366572
"421010025003",NA,197,273,48.8607594936709,8.69565217391304,63.1669535283993
"421010025004",62132,355,549,53.0940594059406,0,49.4548286604361
"421010027011",80152,366,1104,55.7174887892377,2.21434898139947,53.8207547169811
"421010027012",96258,330,857,61.1229566453447,8.82978723404255,63.9416983523447
"421010027021",90139,503,1094,65.595363540569,8.83333333333333,85.1819757365685
"421010027022",116823,518,861,57.2229140722291,9.36842105263158,62.1608757734412
"421010028011",66771,430,962,40.4016538688718,0,46.6699076324745
"421010028012",77948,444,776,26.8432355046528,15.4684095860566,67.3276676109537
"421010028021",148750,483,643,50.3869303525365,12.0383036935705,64.7371922821025
"421010028022",89519,596,999,64.8128898128898,0,58.8757396449704
"421010028023",86818,447,790,52.0388349514563,4.24242424242424,57.9789894947474
"421010029001",135625,386,778,70.6677937447168,8.89929742388759,75.679012345679
"421010029002",78482,81,273,61.336032388664,0,79.8521256931608
"421010029003",88824,381,1124,65.9466327827192,4.09556313993174,63.2620320855615
"421010030011",NA,211,384,34.4339622641509,6.56934306569343,29.6859169199595
"421010030012",94034,152,289,53.8152610441767,0,64.0983606557377
"421010030013",92228,169,285,47.3684210526316,16.1764705882353,27.6635514018692
"421010030014",38125,243,501,38.7543252595156,12.8695652173913,22.2549019607843
"421010030015",52454,128,233,43.4889434889435,7.17131474103586,40.7665505226481
"421010030021",72768,179,371,56.9948186528497,14.3187066974596,51.4669926650367
"421010030022",53906,272,430,56.8988173455979,12.6016260162602,39.7087378640777
"421010030023",118594,116,439,78.2244556113903,15.0870406189555,46.692607003891
"421010030024",78134,107,330,60.9170305676856,18.9189189189189,48.881239242685
"421010031001",104650,276,565,76.3636363636364,11.71875,51.0771369006254
"421010031002",88190,118,242,43.6842105263158,32.4022346368715,24.5664739884393
"421010031003",61536,38,252,64.5259938837921,0,43.1192660550459
"421010031004",NA,30,353,44.0501043841336,21.380846325167,39.874739039666
"421010031005",83536,402,553,32.9910141206675,7.98668885191348,25.8154706430569
"421010031006",NA,48,356,48.8738738738739,21.4128035320088,35.9724612736661
"421010032001",96332,140,397,55.608214849921,6.14657210401891,45.0666666666667
"421010032002",33277,93,269,34.7826086956522,19.4610778443114,25.4302103250478
"421010032003",NA,107,200,29.0697674418605,37.888198757764,9.90476190476191
"421010032004",83289,118,288,46.6809421841542,11.1111111111111,57.4545454545455
"421010032005",63929,94,264,32.3308270676692,16.7192429022082,29.3388429752066
"421010032006",59819,231,301,17.0984455958549,31.5909090909091,8.984375
"421010033001",31310,301,432,20.9756097560976,39.9165507649513,20.6929740134745
"421010033002",58378,59,111,36.4406779661017,0,16.953316953317
"421010033003",112908,322,465,39.1304347826087,0,57.8754578754579
"421010033004",126938,358,866,57.2146807440925,18.2247403210576,36.4583333333333
"421010033005",72384,239,526,14.957264957265,5.39568345323741,54.9642573471009
"421010033006",NA,104,207,0,39.8255813953488,17.0055452865065
"421010036001",48314,345,600,15.4903758020165,0,32.9710144927536
"421010036002",70677,245,361,26.9662921348315,0,19.8443579766537
"421010036003",20651,689,1088,7.71643663739021,13.1683958499601,7.99462546187437
"421010036004",66350,348,632,39.4818652849741,0,5.02008032128514
"421010037011",NA,201,498,36.1238532110092,7.43494423791822,31.1659192825112
"421010037012",64837,219,395,21.2681638044914,0,15.547703180212
"421010037013",NA,319,471,47.8313253012048,21.8905472636816,31.1894273127753
"421010037014",36939,119,278,36.2222222222222,27.2251308900524,29.5608108108108
"421010037015",70458,280,613,27.734375,19.5538057742782,17.6573426573427
"421010037021",58558,320,543,34.9030470914127,9.65058236272879,25.2948113207547
"421010037022",43134,253,434,20.8504801097394,16.0541586073501,35.3413654618474
"421010037023",NA,195,346,36.5025466893039,0,3.3457249070632
"421010038001",90729,242,424,29.7101449275362,0,100
"421010038002",122500,315,528,27.5390625,2.22222222222222,84.2142857142857
"421010038003",93958,272,350,43.4977578475336,16.8646080760095,86.6099893730074
"421010038004",NA,0,0,NA,NA,NA
"421010038005",NA,118,355,34.7408829174664,0,98.448275862069
"421010039011",51831,223,396,32.1515892420538,12.3893805309735,47.4204171240395
"421010039012",59317,184,923,44.249649368864,1.59914712153518,53.1526222746022
"421010039013",83109,456,755,36.6185897435897,18.729817007535,59.958071278826
"421010039014",58306,294,924,49.5212038303694,4.54545454545455,46.2984723854289
"421010039021",68151,272,529,38.8825541619156,12.1262458471761,54.553492484527
"421010039022",95703,855,1140,35.2862254025045,17.8674351585014,99.6584440227704
"421010039023",105642,388,641,37.9790940766551,0,80.1388888888889
"421010040011",NA,280,479,41.5744157441574,10.9665427509294,59.3650793650794
"421010040012",107446,234,425,35.630689206762,7.20524017467249,94.2242355605889
"421010040013",132824,258,579,69.7697697697698,0,80.857823669579
"421010040014",NA,258,622,49.2688413948256,0,73.1328806983511
"421010040021",67292,157,405,23.6654804270463,28.3185840707965,71.8430034129693
"421010040022",95110,366,852,32.7174749807544,0,73.8479262672811
"421010040023",113188,367,610,24.3034055727554,0,82.5369738339022
"421010040024",NA,289,435,40.1477832512315,0,67.513611615245
"421010041011",101514,233,277,55.7932263814617,4.81099656357388,51.7730496453901
"421010041012",78636,180,210,19.4835680751174,48.5294117647059,21.5796897038082
"421010041013",69531,576,942,55.7314756174794,12.2905027932961,49.9760421657882
"421010041014",88631,262,313,28.7020109689214,0,14.9722735674677
"421010041015",NA,258,400,29.4498381877023,0,39.8692810457516
"421010041031",60515,485,628,16.6097060833903,6.40834575260805,19.4578536947642
"421010041032",44292,505,704,25.4648342764753,5.50335570469799,24.2792109256449
"421010041041",73472,299,452,22.2996515679443,0,65.2730375426621
"421010041042",54167,592,872,42.3976608187134,5.11425462459195,37.2005988023952
"421010042011",38136,236,318,28.7640449438202,0,100
"421010042012",83098,334,925,24.09200968523,11.6523400191022,39.2577319587629
"421010042013",NA,82,212,30.5970149253731,18.4615384615385,63.6963696369637
"421010042014",93896,442,625,36.62100456621,20.1787994891443,78.8254755996691
"421010042021",81978,463,750,16.4802386278896,4.45859872611465,67.0289855072464
"421010042022",54801,293,449,26.4302059496568,5.87002096436059,31.6389132340053
"421010042023",92768,275,368,18.6111111111111,0,63.7372802960222
"421010042024",74979,302,525,52.4608501118568,12.2073578595318,88.7521968365554
"421010054001",56197,382,740,37.3905429071804,4.14507772020725,16.1137440758294
"421010055001",NA,663,928,19.5299384443201,3.83419689119171,5.75916230366492
"421010055002",NA,85,319,30.0884955752212,0,1.80505415162455
"421010055003",103906,276,643,36.8260427263479,0,8.88208269525268
"421010055004",44860,522,899,31.1397557666214,0,6.25
"421010056001",35474,278,678,18.728323699422,8.50202429149798,7.54892823858341
"421010060001",40263,247,760,15.515610217597,12.3414071510957,17.5276752767528
"421010060002",45052,325,546,50.4728132387707,0,12.7157129881926
"421010060003",63995,254,272,13.859649122807,0,11.8348623853211
"421010060004",NA,381,583,21.3149522799576,10.4454685099846,2.8322440087146
"421010060005",NA,198,428,15.922619047619,0,0
"421010061001",44289,577,907,12.0926864590876,2.78670953912111,5.84795321637427
"421010061002",51875,206,310,8.85311871227364,0,9.87482614742698
"421010062001",NA,150,284,16.1504424778761,0,7.05128205128205
"421010062002",92515,182,337,41.015625,9.40860215053763,7.68361581920904
"421010062003",NA,243,351,15.886524822695,0,1.75953079178886
"421010062004",47431,521,699,8.48733744010951,6.30026809651475,2.3598820058997
"421010063001",58750,253,321,1.02249488752556,18.9393939393939,3.75521557719054
"421010063002",33527,185,394,2.37341772151899,10.4545454545455,0
"421010063003",NA,159,205,11.9897959183673,27.0462633451957,0
"421010063004",24844,393,776,9.18448139350752,14.0642303433001,3.62173038229376
"421010064001",26303,183,453,6.96594427244582,10.8267716535433,5.66801619433198
"421010064002",52958,363,452,6.94645441389291,12.2330097087379,1.37763371150729
"421010064003",52321,517,679,22.2133757961783,11.4732724902216,6.93467336683417
"421010065001",NA,269,410,14.3288084464555,30.7432432432432,8.75356803044719
"421010065002",18692,95,337,21.2962962962963,26.0964912280702,6.13107822410148
"421010065003",69706,574,1004,18.4899845916795,15.3456998313659,0.602772754671489
"421010066001",39103,70,253,18.5185185185185,35.7868020304569,4.93827160493827
"421010066002",38137,263,576,6.39686684073107,14.0298507462687,11.6949152542373
"421010066003",23431,270,621,1.93470374848851,7.3134328358209,1.06861642294713
"421010067001",22859,387,721,15.7620041753653,0,5.34726490473264
"421010067002",NA,225,680,3.50877192982456,3.95480225988701,0.57840616966581
"421010067003",45906,828,1113,11.5508021390374,6.54911838790932,2.25829216654905
"421010067004",38520,379,608,5,13.3903133903134,1.90641247833622
"421010070001",62188,261,412,20.1977401129943,24.5421245421245,1.44230769230769
"421010070002",NA,81,244,0,0,0
"421010070003",NA,118,252,3.69393139841689,17.6470588235294,6.92307692307692
"421010070004",38036,107,181,30.952380952381,12.9807692307692,0
"421010070005",40865,193,403,6.37254901960784,6.9284064665127,0
"421010071011",43616,224,324,11.7206982543641,10.7438016528926,0
"421010071012",52993,280,403,6.06896551724138,16.7355371900826,7.34797297297297
"421010071013",NA,55,167,4.44444444444444,27.7056277056277,14.878892733564
"421010071021",NA,211,443,7.07850707850708,15.7794676806084,5.67765567765568
"421010071022",43542,206,318,17.4603174603175,20.5,2.61153427638738
"421010071023",NA,96,429,10.738255033557,14.3712574850299,3.49344978165939
"421010071024",41299,291,396,12.7039627039627,11.804008908686,0
"421010071025",33042,113,193,5.58659217877095,30.3249097472924,2.95983086680761
"421010072001",39485,278,589,7.22635494155154,3.44262295081967,1.86150409530901
"421010072002",NA,79,147,41.1504424778761,23.0366492146597,0
"421010072003",70053,46,126,25.130890052356,28.4090909090909,0
"421010072004",NA,223,259,9.57683741648107,0,3.12124849939976
"421010072005",41458,88,155,7.11111111111111,0,1.04321907600596
"421010072006",68806,365,640,46.6666666666667,6.29575402635432,2.93159609120521
"421010073001",117664,110,261,24.4399185336049,18.944099378882,15.3618906942393
"421010073002",61317,191,383,55.6016597510373,12.9545454545455,18.1150550795594
"421010073003",90242,126,250,61.1859838274933,19.3548387096774,33.3955223880597
"421010073004",NA,245,521,58.0260303687636,10.4810996563574,25.8386219401632
"421010074001",NA,95,447,30.4281345565749,21.3028169014085,22.8260869565217
"421010074002",93250,97,221,50.1347708894879,0,18.5446009389671
"421010074003",56103,146,233,33.3333333333333,13.7037037037037,16.2518301610542
"421010074004",NA,314,608,46.4935064935065,18.2795698924731,4.55202312138728
"421010074005",11829,75,306,8.89423076923077,14.0449438202247,1.95227765726681
"421010077001",48426,160,612,76.6759776536313,6.84931506849315,61.5569823434992
"421010077002",64661,51,135,55.8904109589041,15.0943396226415,47.6274165202109
"421010078001",36217,173,495,46.2173314993122,7.47663551401869,44.8441247002398
"421010078002",97692,97,316,90.5349794238683,0,86.0576923076923
"421010078003",50250,93,384,42.8571428571429,12.5284738041002,47.041847041847
"421010078004",127212,118,269,91.06463878327,0,68.9948892674617
"421010078005",61607,203,743,72.0032840722496,6.54088050314465,57.1526822558459
"421010079001",87025,202,561,91.7261055634807,9.36995153473344,41.3622902270484
"421010079002",95714,176,410,66.8730650154799,15.2892561983471,69.7530864197531
"421010079003",51991,171,473,74.491392801252,24.4408945686901,74.6062992125984
"421010079004",118220,324,607,61.8470149253731,0,47.9313036690086
"421010080001",73716,250,540,63.9913232104121,8.93760539629005,27.2407732864675
"421010080002",101910,246,335,54.9562682215743,25.2232142857143,34.585635359116
"421010080003",58095,115,304,38.9799635701275,0,3.27868852459016
"421010080004",31934,180,638,42.3500611995104,11.0181311018131,16.1607875307629
"421010081011",30531,195,315,10.7784431137725,25.531914893617,9.67741935483871
"421010081012",48666,570,725,21.5637860082305,15.1053864168618,11.7443012884044
"421010081021",52804,238,611,5.92964824120603,6.14439324116743,26.7726161369193
"421010081022",58175,72,215,18.2410423452769,10.4166666666667,11.6564417177914
"421010081023",34389,245,692,31.0133060388946,8.46560846560847,3.68050117462803
"421010081024",54593,554,865,7.11409395973154,7.28831725616292,2.33236151603499
"421010082001",NA,317,657,12.3582766439909,13.7795275590551,7.79363336992316
"421010082002",36372,160,269,25.9365994236311,14.6031746031746,0
"421010082003",NA,402,564,11.2658227848101,8.7378640776699,4.22901756668835
"421010082004",NA,26,78,43.2926829268293,48.6842105263158,45.0292397660819
"421010082005",23424,202,377,7.54310344827586,19.7872340425532,0
"421010082006",NA,409,786,38.2978723404255,10.783200908059,5.68335588633288
"421010082007",NA,267,397,31.4074074074074,0,0.943396226415094
"421010083011",32075,166,443,10.7142857142857,25.546218487395,0
"421010083012",32740,287,774,11.8804664723032,15.3172866520788,8.39416058394161
"421010083013",40821,256,434,32.5396825396825,23.725834797891,0.601604278074866
"421010083021",36127,269,371,13.4556574923547,12.9107981220657,0
"421010083022",NA,428,700,19.549929676512,17.3553719008264,6.0556464811784
"421010083023",NA,204,348,11.1504424778761,27.6507276507276,0.548245614035088
"421010083024",21276,176,439,15.7039711191336,16.0611854684512,0.416088765603329
"421010084001",95563,208,274,29.0552584670232,21.9373219373219,6.00667408231368
"421010084002",36250,297,392,30.4878048780488,4.62287104622871,1.62308385933273
"421010084003",NA,83,145,28.2229965156794,12.1212121212121,0.68259385665529
"421010084004",48646,224,325,22.5728155339806,17.3027989821883,0
"421010084005",NA,105,199,23.1023102310231,21.031746031746,0.40650406504065
"421010084006",80220,267,481,4.10729253981559,3.60721442885772,4.9662783568363
"421010085001",NA,27,134,54.3859649122807,39.9103139013453,11.6959064327485
"421010085002",NA,177,485,35.8857142857143,14.612676056338,25.9526261585994
"421010085003",49596,186,586,29.1291291291291,17.2316384180791,18.6752529898804
"421010085004",NA,107,320,16.4473684210526,19.7994987468672,6.43382352941176
"421010085005",NA,238,352,20.1192250372578,20.5417607223476,12.109375
"421010085006",65664,276,623,42.1750663129973,13.7119113573407,10.9452736318408
"421010085007",33826,188,641,16.015625,4.04191616766467,4.24978317432784
"421010086011",80015,269,627,79.8303487276155,30.1003344481605,60
"421010086012",109911,406,967,72.0783764870539,7.28667305848514,54.1886069889899
"421010086021",NA,251,507,36.7664670658683,23.5294117647059,40.3827751196172
"421010086022",29411,246,805,32.6943556975506,14.2705005324814,24.3435060326473
"421010086023",32378,57,218,49.6774193548387,16.4750957854406,29.9145299145299
"421010087011",58750,97,670,81.8357487922705,5.36723163841808,71.0682492581602
"421010087012",66518,255,691,64.6878198567042,0,38.1280110116999
"421010087013",53596,88,695,61.6176470588235,15.0366748166259,56.8932038834951
"421010087021",70313,43,336,66.7464114832536,18.6440677966102,34.6320346320346
"421010087022",42604,111,621,89.3258426966292,15.8536585365854,55.4794520547945
"421010087023",60151,156,831,84.1405508072175,18.3693516699411,82.5305073859987
"421010088011",33990,52,463,96.6315789473684,32.0117474302496,54.6583850931677
"421010088021",60548,139,504,100,2.7027027027027,48.1140754369825
"421010088022",21318,219,751,57.8073089700997,32.0976491862568,34.4647519582245
"421010088023",40375,33,195,100,17.3728813559322,65.8888888888889
"421010088024",NA,0,0,80,NA,46.957355055103
"421010088025",NA,21,134,100,47.8599221789883,63.8146167557932
"421010090001",38589,113,516,56.0975609756098,8.8339222614841,44.6817248459959
"421010090002",41285,136,709,48.3460559796438,8.86889460154242,59.7477064220183
"421010090003",38182,14,336,100,16,63.0005977286312
"421010091001",41250,0,363,64.1791044776119,21.9354838709677,47.6274165202109
"421010091002",48889,103,1046,68.1818181818182,19.3523515805705,37.5
"421010091003",NA,6,444,24.0530303030303,22.6480836236934,35.0119904076739
"421010092001",40303,356,562,31.1715481171548,17.3529411764706,12.7495170637476
"421010092002",66414,311,861,50.8524833209785,17.2115384615385,32.6122228231476
"421010093001",NA,72,191,59.9303135888502,11.9815668202765,26.865671641791
"421010093002",NA,232,539,22.8316326530612,12.6418152350081,0.822199383350462
"421010093003",NA,202,349,36.2997658079625,25.4273504273504,4.2674253200569
"421010093004",33239,218,562,1.54639175257732,17.3529411764706,0
"421010093005",46731,310,498,28.3375314861461,17.2757475083056,0.850077279752705
"421010094001",NA,181,348,24,13.216957605985,0
"421010094002",22438,262,521,5.50595238095238,18.0817610062893,1.45772594752187
"421010094003",41990,132,196,1.32450331125828,23.7354085603113,1.73160173160173
"421010094004",30500,376,736,4.3010752688172,13.8173302107728,0.05941770647653
"421010095001",53090,275,381,13.882863340564,7.52427184466019,0
"421010095002",NA,175,432,11.9122257053292,22.9946524064171,0
"421010095003",27877,410,701,11.3829787234043,17.7230046948357,2.11187214611872
"421010096001",52775,185,498,31.3019390581717,30.2521008403361,0
"421010096002",NA,94,281,14.7540983606557,28.8607594936709,0
"421010096003",40861,172,211,9.91735537190083,44.9086161879896,0
"421010096004",53083,136,170,11.5755627009646,44.4444444444444,0
"421010096005",NA,219,314,12.4748490945674,21.105527638191,0
"421010098011",51429,292,430,36.4431486880466,6.31808278867102,12.5345622119816
"421010098012",76190,355,615,9.58605664488018,7.09969788519637,1.2311901504788
"421010098021",44942,348,552,6.64819944598338,19.2982456140351,1.48095909732017
"421010098022",94875,551,816,46.7078189300411,0,10.4554865424431
"421010098023",86304,642,794,25.416133162612,7.78164924506388,0.611745513866232
"421010100001",37216,354,618,6.09284332688588,13.3239831697055,9.99422299248989
"421010100002",NA,276,362,45.186136071887,4.48548812664908,1.50659133709981
"421010100003",NA,312,397,29.8353909465021,7.88863109048724,4.19512195121951
"421010100004",71644,334,535,26.8878718535469,9.16808149405773,3.57803824799506
"421010101001",112917,205,289,15.9722222222222,30.6954436450839,0
"421010101002",46047,354,497,33.2786885245902,15.9052453468697,0
"421010101003",NA,196,337,7.6320939334638,11.0817941952507,6.65322580645161
"421010101004",NA,109,350,0,3.31491712707182,7.29166666666667
"421010101005",46103,36,396,3.75586854460094,25.5639097744361,0
"421010101006",NA,82,179,26.0355029585799,42.258064516129,5.39083557951482
"421010101007",69406,334,581,28.0464216634429,9.07668231611894,0
"421010102001",60451,222,397,28.3660130718954,4.10628019323671,3.45199568500539
"421010102002",12782,381,690,10.5037513397642,13.0982367758186,11.0801393728223
"421010102003",39531,310,491,7.36,13.859649122807,0
"421010103001",24875,285,523,9.58904109589041,27.5623268698061,0
"421010103002",35845,236,479,2.27272727272727,25.9659969088099,2.52631578947368
"421010104001",NA,538,772,12.8048780487805,21.4649033570702,7.91139240506329
"421010104002",38301,292,387,2.93333333333333,13.2286995515695,4.88549618320611
"421010104003",40938,241,476,21.5073529411765,26.4296754250386,2.4346257889991
"421010105001",16705,302,576,12.7049180327869,20.1109570041609,6.19408121128699
"421010105002",43862,481,975,27.3678702250131,7.75780510879849,5.04708097928437
"421010106001",68750,244,276,20.9225700164745,22.0338983050847,4.63362068965517
"421010106002",11206,118,427,8.47750865051903,15.1093439363817,10.1173020527859
"421010107001",14531,16,263,14.5945945945946,31.5104166666667,27.0207852193995
"421010107002",33397,202,313,18.4090909090909,15.4054054054054,4.8667439165701
"421010107003",54063,468,658,10.4265402843602,28.9416846652268,8.35356969402623
"421010108001",NA,236,775,13.9072847682119,8.50059031877214,4.70446320868516
"421010108002",45587,137,503,36.6178428761651,12.6736111111111,18.303946263644
"421010108003",33635,707,825,30.8766485647789,12.9746835443038,1.03675777568332
"421010109001",29300,224,436,12.7306273062731,16.1538461538462,17.6666666666667
"421010109002",30706,120,311,43.5483870967742,9.32944606413994,8.54922279792746
"421010109003",39688,124,390,40.2010050251256,4.17690417690418,28.587319243604
"421010110001",36627,107,255,8.4,26.9340974212034,3.38028169014085
"421010110002",19375,227,513,37.2163388804841,11.3989637305699,13.0548302872063
"421010110003",NA,139,283,20,22.6775956284153,15.9246575342466
"421010110004",47125,267,483,14.2857142857143,24.6489859594384,3.39181286549708
"421010111001",NA,165,277,3.4412955465587,12.6182965299685,0
"421010111002",41806,358,484,1.41752577319588,31.4447592067989,0
"421010111003",48648,257,310,3.96039603960396,20.3084832904884,2.38095238095238
"421010111004",28563,271,451,7.14995034756703,27.84,2.20125786163522
"421010112001",18698,196,268,7.83582089552239,23.4285714285714,2.98672566371681
"421010112002",35274,90,213,24.0174672489083,23.6559139784946,0
"421010112003",20322,187,379,0,11.4485981308411,0
"421010112004",69722,220,276,26.9230769230769,0,0
"421010112005",41758,346,460,27.2463768115942,0,0.359971202303816
"421010112006",18986,168,359,2.61569416498994,25.3638253638254,1.36411332633788
"421010112007",NA,213,274,0,11.3268608414239,0
"421010113001",62708,295,562,45.4258675078864,3.10344827586207,0
"421010113002",32330,571,658,8.13214739517154,14.8771021992238,2.47779336138382
"421010113003",93125,172,260,20.04662004662,16.1290322580645,0
"421010114001",NA,432,755,37.0554765291607,17.755991285403,2.14912280701754
"421010114002",NA,266,286,10.0169779286927,11.4551083591331,0
"421010114003",44237,57,413,23.6,0,0
"421010114004",59216,352,401,15.009746588694,16.6320166320166,2.68389662027833
"421010114005",77222,387,610,52.5,11.2081513828239,11.7989803350328
"421010114006",28274,57,677,10.7491856677524,10.8036890645586,11.5092290988056
"421010115001",95299,347,423,34.675615212528,0,4.7581903276131
"421010115002",85873,322,484,32.909604519774,11.6788321167883,14.0232108317215
"421010115003",93273,379,484,15.5155155155155,12.4773960216998,13.268156424581
"421010115004",82218,202,333,31.5602836879433,16.5413533834586,0
"421010117001",NA,9,37,59.4202898550725,0,59.4040968342644
"421010117002",127014,228,331,62.4610591900312,12.8947368421053,30.4487179487179
"421010118001",2499,163,194,56.9659442724458,18.4873949579832,0
"421010118002",41597,533,715,27.7138157894737,2.05479452054795,2.74231678486998
"421010118003",17895,109,248,8.86075949367089,20,0
"421010118004",NA,74,244,39.6666666666667,17.8451178451178,0
"421010118005",25938,404,539,36.3896848137536,19.311377245509,0
"421010118006",68694,112,160,66.0633484162896,0,0
"421010119001",NA,309,528,15.083135391924,8.96551724137931,2.33380480905233
"421010119002",62014,305,623,15.9955257270694,23.1812577065351,9.68962906888721
"421010119003",49412,108,284,10.9223300970874,4.69798657718121,0
"421010119004",64043,58,500,41.8508287292818,21.875,18.7928669410151
"421010119005",54250,157,323,23.2323232323232,0,0
"421010120001",61483,312,683,56.6068515497553,11.8709677419355,29.2191435768262
"421010121001",36992,379,874,27.5380710659898,8.28961175236097,26.3852242744063
"421010121002",73462,254,748,48.4601449275362,0,9.92794235388311
"421010122011",NA,92,682,47.4683544303797,0,15.1381215469613
"421010122012",37861,158,771,33.0376940133038,15.1815181518152,26.1655566127498
"421010122013",48075,128,629,54.0540540540541,16.1333333333333,22.198275862069
"421010122031",63409,77,792,64.9006622516556,21.4285714285714,27.1547729379055
"421010122041",NA,0,0,NA,NA,NA
"421010122042",27500,298,814,38.7529597474349,14.2255005268704,22.9166666666667
"421010122043",38984,65,391,47.4209650582363,6.68257756563246,17.2274562584118
"421010122044",87727,393,774,40.5833861762841,7.9667063020214,9.22992900054615
"421010125011",84063,220,757,60.3508771929825,24.1482965931864,64.7457627118644
"421010125012",NA,0,0,0,NA,0
"421010125013",67630,139,423,97.4155069582505,27.0689655172414,73.4604105571847
"421010125014",98882,43,190,95.910780669145,0,59.1966173361522
"421010125021",NA,300,591,72.0677146311971,17.8025034770515,73.1681034482759
"421010125022",153418,234,756,100,14.5762711864407,65.0337837837838
"421010125023",61875,12,120,42.1052631578947,0,83.4586466165414
"421010125024",NA,171,549,39.8876404494382,9.40594059405941,55.1769331585845
"421010125025",121061,134,611,85.7837181044957,0.811688311688312,66.3716814159292
"421010131001",31448,230,542,51.9526627218935,11.437908496732,36.0037700282752
"421010131002",36139,152,269,50.4885993485342,7.87671232876712,25.9887005649718
"421010132001",12123,62,589,9.15805022156573,0,14.7635524798155
"421010132002",72253,0,325,67.0103092783505,10.4683195592287,44.0191387559809
"421010132003",103804,126,602,76.7008387698043,0,59.8062953995157
"421010132004",31620,138,236,2.35849056603774,13.2352941176471,2.59179265658747
"421010133001",109722,249,734,57.431906614786,10.3785103785104,43.1752873563218
"421010133002",92381,210,896,88.4259259259259,2.07650273224044,48.6428571428571
"421010133003",123167,106,518,89.5280235988201,16.3166397415186,64.5080946450809
"421010134011",110841,225,925,73.6795774647887,8.77712031558185,87.0448772226926
"421010134012",190956,421,908,83.8292367399741,4.0169133192389,83.6608646827625
"421010134021",156328,135,533,85.0063532401525,2.38095238095238,89.1348088531187
"421010134022",127656,82,218,87.6876876876877,28.7581699346405,84.375
"421010134023",59910,204,1041,82.6244343891403,16.7865707434053,74.0766550522648
"421010135001",187102,172,283,95.0729927007299,9.58466453674121,88.8318356867779
"421010135002",105179,361,773,78.3904619970194,9.4847775175644,76.3888888888889
"421010135003",159928,471,757,90.0839054157132,3.3205619412516,85.1873884592504
"421010136011",140375,298,559,80.0214822771214,6.52173913043478,91.5207373271889
"421010136012",105968,350,1030,88.1213686249193,0.961538461538462,71.830985915493
"421010136021",170750,160,305,85.3846153846154,8.40840840840841,90.1861252115059
"421010136022",93346,303,729,77.9352226720648,3.57142857142857,84.8909657320872
"421010136023",119926,265,513,75.7352941176471,0,80.5580558055806
"421010136024",179429,194,466,90.5084745762712,4.11522633744856,79.7883597883598
"421010137011",96154,65,314,53.0805687203791,11.0481586402266,46.2686567164179
"421010137012",94295,282,764,73.8271604938272,12.3853211009174,36.8070953436807
"421010137021",91375,168,370,74.6,12.3222748815166,44.2073170731707
"421010137022",78468,125,546,60.7,3.53356890459364,59.6934174932371
"421010137023",47851,410,595,19.6236559139785,17.7040110650069,19.1549295774648
"421010137024",101130,255,400,73.6196319018405,0,77.4487471526196
"421010138001",56250,84,136,41.6666666666667,44.7154471544715,27.5675675675676
"421010138002",68558,430,815,49.6592844974446,17.5101214574899,31.8327974276527
"421010139001",NA,48,130,0,23.0769230769231,61.1374407582938
"421010139002",NA,432,835,19.5918367346939,10.5995717344754,37.7450980392157
"421010139003",118418,198,401,57.8947368421053,13.2034632034632,47.3363774733638
"421010140001",96427,262,1279,65.6438631790744,13.4641407307172,52.9581068116405
"421010140002",29214,84,495,7.14285714285714,5.71428571428571,7.07850707850708
"421010140003",32031,57,749,45.9752321981424,11.3609467455621,21.4285714285714
"421010141001",NA,377,915,35.9404096834264,8.5,42.639842983317
"421010141002",NA,307,535,25,0,3.30948121645796
"421010142011",171188,432,675,85.126582278481,1.02639296187683,77.6071657069738
"421010142012",147550,320,990,83.1545741324921,8.83977900552486,85.0857142857143
"421010142021",94196,197,1089,77.8682959945689,8.02364864864865,77.1951219512195
"421010142022",NA,0,0,NA,NA,NA
"421010142023",102024,95,502,76.3612217795485,6.86456400742115,55.1980198019802
"421010143001",128795,61,214,89.945652173913,2.28310502283105,76.9633507853403
"421010143002",117981,386,773,74.2010911925175,6.86746987951807,83.6653386454183
"421010144001",NA,122,652,60.126582278481,0,40.4761904761905
"421010144002",58960,194,481,54.7461368653422,19.6994991652755,53.3212010919017
"421010144003",113011,396,1129,71.8279569892473,7.07818930041152,69.5859872611465
"421010144004",141509,228,585,67.9958027282266,0,73.9375
"421010145001",22061,212,503,17.5531914893617,9.2057761732852,20.8299430431245
"421010145002",54141,252,413,24.2002781641168,5.92255125284738,3.50727117194183
"421010146001",52646,366,1003,17.2504378283713,11.4739629302736,17.1931407942238
"421010146002",35511,77,267,31.9209039548023,3.9568345323741,51.474358974359
"421010147001",24229,218,512,0,7.5812274368231,16.8147641831852
"421010147002",NA,90,859,88.3064516129032,16.6019417475728,46.8868435300487
"421010148001",NA,193,525,23.7410071942446,13.9344262295082,3.02690582959641
"421010149001",NA,308,403,2.17864923747277,6.06060606060606,0
"421010149002",NA,49,154,63.7254901960784,14.9171270718232,0
"421010149003",NA,193,407,36.0068259385665,17.6113360323887,3.06010928961749
"421010149004",NA,148,377,8.20584144645341,11.5023474178404,2.37324703344121
"421010149005",78358,120,265,37.0466321243523,28.1842818428184,25.6900212314225
"421010149006",NA,131,540,27.8740157480315,5.09666080843585,7.2
"421010151011",49905,385,478,28.755364806867,16.4335664335664,2.6625386996904
"421010151012",29799,230,493,10.8815426997245,23.208722741433,22.0879120879121
"421010151021",19695,514,744,16.9572107765452,25.3761283851555,1.98525241066364
"421010151022",NA,155,174,6.97674418604651,24.6753246753247,0.672268907563025
"421010151023",NA,526,914,5.58694287507847,13.2827324478178,1.13325517780383
"421010152001",29135,649,1153,10.2284527518172,9.99219359875098,2.11565585331453
"421010152002",NA,277,414,18.4022824536377,28.125,1.73243503368624
"421010152003",72679,678,774,0,4.67980295566502,6.53384119542924
"421010153001",11583,0,210,21.3414634146341,30.4635761589404,57.7142857142857
"421010153002",25490,112,684,0,17.7884615384615,40.0773908236595
"421010153003",NA,55,176,13.7254901960784,23.4782608695652,27.9805352798054
"421010153004",35500,218,616,8.24742268041237,27.3584905660377,30.3448275862069
"421010156001",76439,175,362,50.4748982360923,8.81612090680101,75.8333333333333
"421010156002",40893,99,279,44.5843828715365,30.7692307692308,13.0374479889043
"421010157001",NA,17,197,61.9047619047619,18.2572614107884,72.3880597014925
"421010157002",90952,170,402,29.7674418604651,14.468085106383,54.9098196392786
"421010157003",97768,267,776,72.0187061574435,7.94780545670225,56.9384835479256
"421010158001",54913,190,917,68.550185873606,0,86.0843373493976
"421010158002",146115,267,579,50.1255230125523,7.80254777070064,67.1061305207647
"421010158003",118750,115,366,69.6027633851468,12.6491646778043,88.6503067484663
"421010158004",185577,165,280,69.2982456140351,3.44827586206897,71.9754977029096
"421010158005",157992,296,631,72.6128016789087,0,83.1658291457286
"421010158006",113077,275,516,77.3751224289912,0,81.4615384615385
"421010160011",113500,361,612,69.8426573426573,6.70731707317073,93.8921377517869
"421010160012",97308,224,548,53.4969325153374,5.02599653379549,98.1191222570533
"421010160021",NA,117,489,84.2335766423358,6.6793893129771,80.028328611898
"421010160022",98194,218,309,60.0798403193613,10.6936416184971,46.562123039807
"421010160023",83750,83,347,84.2105263157895,18.1603773584906,96.6371681415929
"421010160024",131645,241,366,68.491124260355,9.18114143920596,82.4257425742574
"421010160025",119698,435,716,57.7176298463789,1.5130674002751,91.554054054054
"421010161001",124779,631,1379,68.9863234111022,5.48320767649075,58.4755738669806
"421010161002",131083,76,268,61.2009237875289,12.7035830618893,77.9220779220779
"421010161003",NA,222,571,34.4329896907216,24.2705570291777,21.6479400749064
"421010161004",68010,332,778,53.8985616956851,5.23751522533496,61.6120218579235
"421010162001",37670,190,293,19.7292069632495,9.00621118012422,6.78571428571429
"421010162002",NA,231,480,42.3076923076923,16.6666666666667,20.199146514936
"421010163001",37596,161,297,0,0,20.0298953662182
"421010163002",42381,272,400,16.4201183431953,17.6954732510288,10.333048676345
"421010163003",57344,143,202,15.5313351498638,32.890365448505,20.4347826086957
"421010164001",11983,173,558,7.92079207920792,0,10.2362204724409
"421010164002",34142,100,163,5.99250936329588,29.7413793103448,3.51648351648352
"421010164003",24274,275,476,2.86069651741294,20.534223706177,1.65745856353591
"421010164004",NA,425,452,5.45746388443018,7.18685831622177,3.34507042253521
"421010165001",29872,176,540,22.4586288416076,31.73198482933,2.82157676348548
"421010165002",NA,221,438,5.30759951749095,17.3584905660377,12.9166666666667
"421010166001",68462,143,332,17.0289855072464,27.3522975929978,17.79324055666
"421010166002",NA,189,440,37.7643504531722,7.17299578059072,14.0875133404482
"421010167011",NA,347,562,19.8748043818466,19.5994277539342,0
"421010167012",49628,180,267,6.01336302895323,27.0491803278689,18.342151675485
"421010167013",NA,271,476,26.1273209549072,40.4255319148936,0.162866449511401
"421010167021",NA,111,158,19.8142414860681,30.7017543859649,1.21951219512195
"421010167022",19075,170,221,9.9502487562189,36.676217765043,0
"421010167023",NA,257,391,0,8.85780885780886,0
"421010167024",NA,19,198,0,16.1016949152542,15.3846153846154
"421010168001",38591,440,735,9.47546531302877,8.01001251564456,0.297619047619048
"421010168002",14970,207,413,11.4241001564945,29.8811544991511,13.8987043580683
"421010168003",36129,71,254,5.73065902578797,27.6353276353276,0
"421010169011",17338,247,467,13.2379248658318,26.6875981161695,4.09556313993174
"421010169012",NA,338,468,6.31753948462178,6.77290836653386,0
"421010169013",61708,252,329,28.3363802559415,24.0184757505774,0
"421010169021",28418,173,475,7.27040816326531,20.4355108877722,0
"421010169022",NA,236,303,6.01851851851852,9.00900900900901,0
"421010169023",21667,324,682,11.6544417277914,27.7542372881356,0
"421010169024",NA,135,552,12.0218579234973,14.2857142857143,0
"421010170001",82264,171,533,59.9759615384615,20.8023774145617,27.4327122153209
"421010170002",19814,147,559,3.36239103362391,0,4.63917525773196
"421010170003",36555,149,471,47.8481012658228,18.7931034482759,24.4878048780488
"421010171001",NA,95,238,11.3475177304965,36.0215053763441,20.7207207207207
"421010171002",32035,86,305,4.61538461538461,15.7458563535912,0
"421010171003",NA,291,660,3.90879478827362,10.3260869565217,5.95138306789606
"421010171004",19601,249,449,16.871704745167,10.2,0
"421010172011",NA,108,567,2.26308345120226,23.7903225806452,1.71990171990172
"421010172012",25176,113,429,11.3978494623656,12.2699386503067,0.605143721633888
"421010172013",70726,359,496,8.36776859504132,8.82352941176471,0.369549150036955
"421010172021",NA,405,569,15.5688622754491,10.9546165884194,0
"421010172022",NA,263,405,13.1443298969072,19.9604743083004,1.24688279301746
"421010172023",NA,89,263,6.87830687830688,0,4.88798370672098
"421010172024",NA,168,429,8.0563947633434,28.0201342281879,0
"421010173001",46182,205,354,13.4251290877797,5.09383378016086,0
"421010173002",12192,96,266,5.73065902578797,28.8770053475936,0.234192037470726
"421010173003",35214,258,470,18.8405797101449,10.6463878326996,12.5122189638319
"421010174001",34828,492,624,20.1542912246866,8.10014727540501,1.85414091470952
"421010174002",36607,213,461,4.88165680473373,9.07297830374753,0
"421010175001",39478,862,1088,0,6.36833046471601,0.92201306185171
"421010175002",NA,89,89,22.0657276995305,0,64.7887323943662
"421010175003",12128,64,260,0,0,54.0845070422535
"421010175004",NA,266,302,0,7.64525993883792,0.142857142857143
"421010175005",26907,310,503,2.41779497098646,17.5409836065574,42.0901932712956
"421010175006",NA,210,415,0,13.9004149377593,6.12472160356347
"421010176011",47027,622,758,1.39643134212568,10.9283196239718,31.5412186379928
"421010176012",22173,520,639,7.04453441295547,12.5854993160055,16.890243902439
"421010176013",14542,189,387,0,25.8620689655172,20.625
"421010176021",41113,408,619,7.51953125,18.6596583442838,2.76679841897233
"421010176022",26295,188,265,7.32177263969171,7.01754385964912,2.02774813233725
"421010176023",32406,242,349,8.71934604904632,5.16304347826087,3.39847068819031
"421010177011",43375,305,358,4.1044776119403,26.9387755102041,6.25674217907228
"421010177012",12360,274,349,20.8530805687204,19.3995381062356,10.4400345125108
"421010177013",60827,246,371,0,11.6666666666667,10.6299212598425
"421010177021",NA,154,265,8.82352941176471,28.3783783783784,24.3647234678625
"421010177022",29028,151,273,0,15.7407407407407,36.6754617414248
"421010177023",NA,85,181,0,24.2677824267782,67.2862453531599
"421010177024",40451,412,448,1.98150594451783,20.2846975088968,3.39116719242902
"421010177025",28330,345,391,8.26771653543307,8.85780885780886,2.6246719160105
"421010178001",33191,305,462,0,16.304347826087,2.39327296248383
"421010178002",50704,452,626,0,12.3249299719888,34.6613545816733
"421010178003",27612,552,915,36.424649176327,5.76725025746653,15.4487688641779
"421010178004",81594,92,817,6.33130962705984,13.727560718057,30.4740406320542
"421010179001",41711,200,394,19.0954773869347,9.42528735632184,24.238578680203
"421010179002",49830,309,536,11.2920738327904,13.5483870967742,26.3117870722433
"421010179003",80781,392,431,8.27489481065919,6.70995670995671,18.3569979716024
"421010179004",49083,442,667,25.386493083808,14.7058823529412,76.7512077294686
"421010179005",83045,284,518,52.6536312849162,17.384370015949,61.2565445026178
"421010180011",80771,124,285,25,17.6300578034682,90.7894736842105
"421010180012",78510,192,365,32.1483771251932,0,82.4064711830131
"421010180013",36058,149,439,33.1658291457286,2.44444444444444,90.3682719546742
"421010180021",NA,263,489,38.3098591549296,2.78330019880716,98.2041587901701
"421010180022",55568,180,464,40.2941176470588,10.077519379845,90.6211936662607
"421010180023",95838,648,939,22.1764705882353,9.27536231884058,54.7465437788018
"421010180024",59327,350,453,39.426523297491,12.7167630057803,46.5863453815261
"421010183001",75647,136,241,33.8289962825279,26.2996941896024,100
"421010183002",NA,249,436,30.9219858156028,9.54356846473029,95.7095709570957
"421010183003",88333,483,636,21.9597550306212,3.92749244712991,86.9974874371859
"421010183004",65972,205,243,22.6890756302521,13.5231316725979,86.6261398176292
"421010184001",125682,218,300,49.0774907749078,0,90.0606060606061
"421010184002",46864,350,582,14.1382868937048,1.18845500848896,93.7154696132597
"421010188011",NA,72,141,18.9814814814815,0,48.582995951417
"421010188012",NA,187,241,0,39.9002493765586,9.22077922077922
"421010188013",NA,87,87,27.9661016949153,28.099173553719,0
"421010188014",22093,201,629,6.11735330836454,23.0110159118727,17.602642756017
"421010188021",54942,397,520,2.97872340425532,11.5646258503401,8.68658790826963
"421010188022",6370,229,289,45.9396751740139,16.9540229885057,5.07575757575758
"421010188023",49288,268,291,0,46.0111317254174,35.667107001321
"421010190001",61083,391,440,1.36476426799007,11.4688128772636,11.3940165499682
"421010190002",16953,540,719,5.74345883854499,0,0.603090840557859
"421010190003",48380,307,551,6.52610441767068,0,7.06521739130435
"421010190004",20682,225,308,16.1073825503356,12.9943502824859,15.9609120521173
"421010190005",NA,278,298,0,18.1318681318681,73.5660847880299
"421010191001",25814,276,441,30.1369863013699,3.07692307692308,14.891846921797
"421010191002",NA,153,200,0,0,66.890756302521
"421010191003",45345,489,620,9.1304347826087,0,11.7977528089888
"421010191004",72689,392,629,45.0087565674256,5.97907324364723,13.739224137931
"421010191005",68893,646,858,11.6135662898253,0,16.1022364217252
"421010192001",53785,305,331,0,25.9507829977629,1.86915887850467
"421010192002",14550,319,405,12.0300751879699,6.25,37.7777777777778
"421010192003",NA,280,412,0,6.1503416856492,3.64161849710983
"421010192004",NA,469,564,10.4529616724739,19.1977077363897,27.3915626856803
"421010192005",8398,587,973,2.16783216783217,0,10.0382815823054
"421010195011",17742,398,692,6.09523809523809,3.48675034867503,19.2903225806452
"421010195012",24085,332,504,2.22457627118644,3.44827586206897,7.77051561365287
"421010195013",27022,592,707,7.33082706766917,14.0947752126367,1.1154489682097
"421010195021",NA,98,208,20.7792207792208,0,0
"421010195022",35750,466,607,6.82210708117444,3.49761526232114,5.20156046814044
"421010195023",NA,251,391,10.590015128593,8.21596244131455,19.7458455522972
"421010197001",38639,572,788,13.4218289085546,0,11.4798906677079
"421010197002",38915,148,179,0,29.5275590551181,3.19148936170213
"421010197003",NA,135,188,0,0,13.1241084165478
"421010197004",NA,97,323,0,10.0278551532033,4.74358974358974
"421010197005",16537,186,186,2.11764705882353,21.8487394957983,7.3469387755102
"421010197006",30971,506,506,9.54446854663774,0,23.6595174262735
"421010198001",NA,429,673,21.7765042979943,13.8284250960307,9.85093972780298
"421010198002",NA,380,420,16.3414634146341,0,21.0526315789474
"421010198003",36696,271,398,0,4.78468899521531,0
"421010198004",45775,356,376,18.9821182943604,0,1.25164690382082
"421010198005",NA,195,246,18.9903846153846,34.4,5.98639455782313
"421010199001",NA,226,509,2.04081632653061,3.9622641509434,14.3759873617694
"421010199002",NA,542,542,7.58928571428571,8.13559322033898,5.31115879828326
"421010199003",23570,327,581,3.16789862724393,3.64842454394693,0
"421010199004",94583,225,287,20.6008583690987,9.74842767295597,0
"421010200001",NA,134,250,5.83657587548638,20.8860759493671,1.62337662337662
"421010200002",17794,178,264,35.5670103092784,29.0322580645161,24.9126891734575
"421010201011",30723,505,947,17.2367538564722,21.8646864686469,18.8359303391384
"421010201012",NA,63,137,7.04225352112676,21.264367816092,3.00751879699248
"421010201013",27846,214,767,16.1688980432544,17.7920685959271,1.10410094637224
"421010201021",NA,171,278,14.1479099678457,14.1975308641975,1.05932203389831
"421010201022",41250,165,286,6.91823899371069,19.6629213483146,2.44498777506112
"421010201023",NA,290,504,6.0878243512974,4.36432637571157,1.0221465076661
"421010201024",39333,207,434,13.1756756756757,10.6995884773663,7.61772853185596
"421010202001",45093,205,361,23.8019169329073,22.5321888412017,19.6859903381643
"421010202002",33137,246,529,4.82654600301659,5.70409982174688,0
"421010202003",NA,313,601,12.2077922077922,16.1785216178522,0
"421010202004",NA,243,613,6.74157303370786,5.25502318392581,0.919305413687436
"421010203001",49091,294,554,8.61297539149888,12.480252764613,2.55775577557756
"421010203002",49135,314,564,1.65853658536585,26.9430051813472,2.50783699059561
"421010204001",33877,254,342,7.9589216944801,14.9253731343284,0
"421010204002",81932,53,116,19.3396226415094,14.7058823529412,0.943396226415094
"421010204003",36101,92,285,0,7.16612377850163,0.746268656716418
"421010204004",54911,309,572,5.26315789473684,0,4.17661097852029
"421010205001",13382,96,180,4.25531914893617,25.6198347107438,3.5377358490566
"421010205002",NA,810,1483,11.1548556430446,2.11221122112211,2.60223048327138
"421010206001",65580,322,1025,66.6118421052632,6.98729582577132,50.2697400686611
"421010207011",124143,371,658,71.027216856892,0,85.985401459854
"421010207012",122460,593,983,81.3451776649746,1.40421263791374,69.0118152524168
"421010207013",NA,120,502,85.4781582054309,8.05860805860806,82.3404255319149
"421010207021",162656,133,247,66.6666666666667,6.79245283018868,62.0352250489237
"421010207022",194967,340,481,90.8333333333333,6.60194174757282,74.2971887550201
"421010208001",54355,205,498,49.2021276595745,6.0377358490566,52.5510204081633
"421010208002",73555,211,1029,71.3660245183888,5.68285976168653,42.0861127956337
"421010209001",128697,157,285,70.6896551724138,13.109756097561,58.359133126935
"421010209002",108792,185,380,60.1100412654745,0,86.9074492099323
"421010209003",108393,122,328,83.4677419354839,17.1717171717172,88.8709677419355
"421010209004",104886,96,429,73.1491712707182,7.34341252699784,74.70703125
"421010210001",89892,364,636,46.9958847736626,0,83.9629915188898
"421010210002",108352,76,395,63.1775700934579,15.5982905982906,87.6373626373626
"421010210003",72216,122,563,45.4061251664447,0,82.4754901960784
"421010210004",88816,119,576,69.2913385826772,3.19327731092437,82.7996340347667
"421010210005",89861,78,428,86.8913857677903,23.1597845601436,88.2608695652174
"421010211001",93125,272,560,62.7671541057368,3.11418685121107,78.3050847457627
"421010211002",92031,336,689,55.6029882604056,5.22696011004127,70.0071581961346
"421010212001",90114,439,797,57.448325017819,3.04136253041363,75.8139534883721
"421010212002",122841,306,431,48.3516483516484,6.30434782608696,95.581171950048
"421010213001",98125,106,250,61.2068965517241,0,90.2676399026764
"421010213002",NA,178,410,39.52,8.68596881959911,89.7172236503856
"421010213003",120446,118,325,63.4328358208955,6.34005763688761,91.4634146341463
"421010213004",NA,134,349,59.0476190476191,0,87.891156462585
"421010213005",115117,187,311,50.4835589941973,2.20125786163522,87.7523553162853
"421010214001",138043,143,430,78.9041095890411,0,86.4935064935065
"421010214002",NA,49,240,56.7708333333333,18.6440677966102,98.7745098039216
"421010214003",92829,171,515,80.9286898839138,0,85.5072463768116
"421010214004",74107,126,352,55.632582322357,32.6959847036329,65.0895140664962
"421010214005",NA,100,477,77.1790808240887,8.79541108986616,83.2853025936599
"421010215001",139966,350,901,62.5164690382082,0,57.343837929094
"421010215002",115184,495,1209,81.0766721044046,0,81.3815187557182
"421010216001",108333,226,344,51.0791366906475,0,78.3261802575107
"421010216002",94306,234,887,63.0757220921155,3.37690631808279,69.4148936170213
"421010217001",100669,645,991,53.1820697288323,4.06582768635044,90.1840490797546
"421010217002",86739,453,812,39.5035460992908,4.69483568075117,62.8981886321049
"421010217003",85065,68,561,58.7257617728532,0,41.4965986394558
"421010217004",85547,195,354,36.0062893081761,11.7206982543641,89.1156462585034
"421010218001",64205,403,936,55.2958363769175,4.0983606557377,64.5179063360882
"421010218002",63393,529,1102,45.5367913148372,8.85028949545079,71.2923728813559
"421010218003",76401,198,475,68.9024390243902,0,20.8211143695015
"421010219001",78542,353,669,41.7965169569203,5.64174894217207,80.8035714285714
"421010220001",94750,364,769,47.1927162367223,8.77817319098458,74.7772446881426
"421010231001",179911,421,565,83.1527093596059,3.25342465753425,87.7652050919378
"421010235001",94904,302,555,67.9200940070505,10.3392568659128,58.9132507149666
"421010236001",107500,484,810,65.0664697193501,7.42857142857143,38.8278388278388
"421010236002",79412,179,356,86.5497076023392,8.95140664961637,84.2592592592593
"421010237001",52440,276,1106,52.5721455457967,4.6551724137931,39.8015435501654
"421010237002",NA,240,421,52.1212121212121,10.042735042735,20.0387221684414
"421010237003",84135,409,855,66.6908563134978,6.04395604395604,33.4530528476142
"421010238001",NA,210,229,29.1208791208791,30.8157099697885,29.0155440414508
"421010238002",NA,228,528,28.9285714285714,8.01393728222997,8.18330605564648
"421010238003",92000,117,168,28.3613445378151,24.6636771300448,48.4251968503937
"421010238004",92011,272,723,70.2567760342368,4.61741424802111,58.0498866213152
"421010238005",NA,357,687,61.2602100350058,5.11049723756906,13.5174418604651
"421010239001",23750,121,646,22.2091656874266,8.36879432624113,21.86616399623
"421010239002",77500,89,526,75.7246376811594,10.9983079526227,39.8135818908123
"421010240001",66216,534,766,27.9904306220096,9.77620730270907,27.5499474237645
"421010240002",63469,266,1427,58.5507246376812,1.45027624309392,29.8228346456693
"421010241001",18646,190,727,29.5524691358025,0.683060109289617,19.9324324324324
"421010242001",NA,94,259,61.7370892018779,2.99625468164794,35.0758853288364
"421010242002",NA,412,848,36.0809833694866,1.50987224157956,31.22555410691
"421010242003",NA,250,490,25.5091103965702,14.7826086956522,16.0583941605839
"421010242004",47287,195,328,14.3106457242583,8.63509749303621,18.0838323353293
"421010243001",54792,185,362,41.7310664605873,24.896265560166,17.9706601466993
"421010243002",41921,303,829,34.8111658456486,2.69953051643192,25.4489164086687
"421010243003",99722,225,334,46.9448584202683,0,25.2004581901489
"421010243004",64948,200,389,51.8181818181818,5.35279805352798,8.40438489646772
"421010244001",NA,246,594,24.5358090185676,0,5.28879610299234
"421010244002",57303,78,159,34.8214285714286,27.0642201834862,45.3416149068323
"421010244003",98750,301,449,43.0787589498807,27.5806451612903,8.74035989717224
"421010245001",28169,434,546,0,7.14285714285714,8.86377156454491
"421010245002",20483,545,1175,13.891779396462,10.8497723823976,6.58830807299722
"421010246001",77333,161,472,48.3925549915398,12.2676579925651,33.1111111111111
"421010246002",50650,254,551,22.1938775510204,10.2605863192182,1.46914789422135
"421010246003",25841,91,197,15.5612244897959,12.4444444444444,15.4455445544554
"421010247001",60224,437,693,36.7433930093777,13.8059701492537,5.41567695961995
"421010247002",36025,393,775,10.0940975192472,8.93066980023502,14.9509803921569
"421010247003",62941,246,338,6.59536541889483,0,0
"421010248001",66094,160,277,50.8196721311475,9.18032786885246,1.45719489981785
"421010248002",NA,364,517,17.6532769556025,10.0869565217391,1.98209718670077
"421010249001",NA,277,286,17.5856929955291,30.5825242718447,0
"421010249002",62991,43,45,45.9016393442623,52.1276595744681,0
"421010249003",23764,226,389,11.3835376532399,24.9034749034749,0
"421010249004",NA,77,358,2.7681660899654,0,4.77611940298507
"421010252001",52932,336,432,0.832177531206657,24.0773286467487,6.22598001537279
"421010252002",NA,191,276,25.9953161592506,0,3.8961038961039
"421010252003",42042,227,438,44.5017182130584,0,21.8710493046776
"421010252004",19590,40,702,7.39247311827957,0,5.54913294797688
"421010252005",NA,263,690,23.3644859813084,0,5.27597402597403
"421010252006",69332,477,585,43.2855280312907,0,19.2857142857143
"421010252007",19227,179,590,17.379679144385,0,6.28058727569331
"421010253001",46852,267,485,32.6190476190476,8.14393939393939,3.2329988851728
"421010253002",49840,228,444,31.5263908701854,3.05676855895197,14.4400785854617
"421010253003",87130,130,234,33.615221987315,0,0
"421010253004",97583,213,333,44.6351931330472,5.93220338983051,29.3853073463268
"421010253005",83684,573,720,35.7851239669422,9.09090909090909,9.97474747474747
"421010254001",NA,205,289,26.3888888888889,0,7.29001584786054
"421010254002",33839,71,553,21.5748031496063,11.3782051282051,19.4407456724368
"421010254003",80156,310,426,48.2817869415808,15.8102766798419,3.55276907001045
"421010254004",91814,374,648,42.4271844660194,3.85756676557863,21.6107382550336
"421010255001",74801,326,459,75.8518518518518,0,59.0349075975359
"421010255002",74432,292,399,64.4752018454441,13.8228941684665,44.2152466367713
"421010255003",111806,187,335,60.2862254025045,0,55.1775147928994
"421010256001",79773,357,550,48.1598317560463,0,52.6792452830189
"421010256002",104318,159,230,53.4441805225653,9.80392156862745,65.4173764906303
"421010256003",NA,186,455,71.5268225584594,0,56.5011820330969
"421010257001",67489,320,629,72.192513368984,4.98489425981873,65.9640905542545
"421010257002",115446,110,243,86.9565217391304,19,88.558352402746
"421010257003",61364,113,322,66.7469879518072,0,22.3282442748092
"421010257004",47344,209,866,52.6561043802423,7.28051391862955,26.0327357755261
"421010258001",50813,404,857,27.1384136858476,5.4083885209713,5.49828178694158
"421010259001",NA,327,506,23.9051094890511,0,1.81368507831822
"421010259002",57895,193,250,14.0167364016736,0,4.29447852760736
"421010259003",19146,120,304,19.7452229299363,0,0
"421010259004",57653,224,366,43.2950191570881,0,0
"421010259005",53961,412,677,29.5150501672241,6.62068965517241,6.03693181818182
"421010260001",68164,334,496,46.7425025853154,0,0.373134328358209
"421010260002",63333,277,392,49.5639534883721,0,1.07874865156419
"421010260003",61944,246,458,20.0468933177022,0,2.65748031496063
"421010261001",59184,210,430,41.656942823804,17.1483622350674,6.12870275791624
"421010261002",68032,175,312,24.3006993006993,0,0
"421010261003",42228,189,691,30.3457106274008,0,6.86367969494757
"421010262001",59028,113,175,19.5906432748538,0,7.49464668094218
"421010262002",NA,135,216,17.6119402985075,3.57142857142857,1.02040816326531
"421010262003",75250,269,521,34.6335697399527,0,0.176056338028169
"421010262004",59216,566,759,17.155612244898,16.5934065934066,0.760095011876485
"421010263011",53639,423,605,35.5670103092784,6.77966101694915,6.80473372781065
"421010263012",70304,213,340,10.6212424849699,0,0
"421010263013",105147,379,504,22.6899383983573,3.63288718929254,0
"421010263014",62344,133,192,39.3229166666667,18.2978723404255,0
"421010263021",98583,459,509,20.2825428859738,0,5.89112602535421
"421010263022",68919,123,274,32.8798185941043,10.1639344262295,0.455235204855842
"421010263023",67276,212,636,24.330900243309,0,4.93079584775086
"421010263024",107115,502,694,24.9130132219903,9.39947780678851,0
"421010264001",57646,433,691,6.16197183098592,9.55497382198953,0.112739571589628
"421010264002",45221,408,563,23.3513513513514,8.45528455284553,1.21776504297994
"421010264003",90120,417,1065,18.0345572354212,5.08021390374332,0.0434027777777778
"421010265001",NA,101,275,4.71380471380471,3.50877192982456,1.25786163522013
"421010265002",95804,347,423,30.9309309309309,7.23684210526316,0.0601322910402886
"421010265003",52232,193,271,20,0,0
"421010265004",47043,171,384,11.9013062409289,0,0
"421010265005",29043,286,482,11.1242603550296,0,15.0829562594268
"421010266001",52413,790,1314,15.6236129604971,1.79372197309417,1.12291350531108
"421010266002",92528,304,447,32.396694214876,5.89473684210526,0.120336943441637
"421010266003",41875,760,1077,26.4017419706042,2.09090909090909,4.1914076143905
"421010267001",43681,699,855,9.43175161101347,0,0.0878348704435661
"421010267002",54722,880,1394,21.6547066272689,3.86206896551724,0
"421010267003",61136,192,348,59.3283582089552,21.2669683257919,0.328407224958949
"421010267004",28864,113,210,14.1210374639769,0,0
"421010268001",35326,262,1004,6.98016164584864,6.69144981412639,11.4478114478114
"421010268002",78268,231,387,38.375350140056,0,14.4469525959368
"421010268003",20301,90,301,18.3132530120482,7.95107033639144,22.6415094339623
"421010268004",59271,248,569,30.9168443496802,9.39490445859873,11.681136543015
"421010269001",38618,103,255,18.9907038512616,5.55555555555556,29.7175141242938
"421010269002",88500,324,556,38.9430894308943,4.63121783876501,15
"421010270001",97035,280,352,63.4969325153374,0,24.4323342415985
"421010270002",79758,345,630,41.7467248908297,7.21649484536082,5.9738643434972
"421010271001",82854,164,396,23.6734693877551,0,9.63597430406852
"421010271002",57908,197,356,23.4396671289875,4.3010752688172,5.99250936329588
"421010271003",60539,149,301,23.8188976377953,5.34591194968553,0.471698113207547
"421010272001",55901,119,290,37.2943327239488,9.93788819875776,2.30263157894737
"421010272002",52432,598,857,32.0943531093638,11.3753877973113,2.06966178697627
"421010272003",66405,460,762,19.3740685543964,5.3416149068323,6.86486486486486
"421010273001",NA,202,404,24.4402985074627,0,0
"421010273002",NA,469,616,26.6444629475437,0,15.7633018398807
"421010273003",53701,603,868,6.77444187836798,0,6.27450980392157
"421010273004",61734,297,495,5.41103017689906,0,12.597200622084
"421010274011",87917,378,595,3.74904361132364,9.84848484848485,7.10315009264978
"421010274012",NA,154,172,6.45161290322581,14.4278606965174,7.50670241286863
"421010274013",50000,317,372,26.7993874425727,0,0.619674670797831
"421010274021",77700,302,793,2.71682340647858,0,0
"421010274022",NA,500,644,11.5987460815047,12.3809523809524,11.7672413793103
"421010274023",68855,711,922,1.74216027874564,4.25752855659398,10.8805031446541
"421010275001",97428,452,529,26.9308943089431,8.47750865051903,2.11002260738508
"421010275002",59503,272,337,21.9665271966527,11.7801047120419,15.9758854559156
"421010275003",61379,206,266,8.89328063241107,8.9041095890411,5.42540073982737
"421010275004",41321,378,545,21.2951432129514,6.19621342512909,10.0281162136832
"421010276001",44774,394,591,18.1222707423581,7.22135007849294,0
"421010276002",40497,95,297,8.23529411764706,6.0126582278481,0
"421010276003",67369,219,375,28.3132530120482,20.5508474576271,11.8171683389075
"421010276004",65215,327,634,29.4921875,0,1.62254483347566
"421010277001",8582,235,902,8.7215064420218,10.337972166998,0
"421010277002",NA,99,238,4.60358056265985,15.3024911032028,0.512820512820513
"421010277003",80745,378,401,18.5140073081608,25.8780036968577,0.074794315632012
"421010277004",59181,299,377,4.72878998609179,9.375,0
"421010277005",NA,270,530,24.6885617214043,5.35714285714286,8.35401157981803
"421010278001",33011,167,415,24.6554364471669,6.95067264573991,0
"421010278002",70350,430,759,6.82624113475177,4.2875157629256,6.63900414937759
"421010278003",17117,117,452,0,0,0
"421010278004",54009,439,637,10.7545533391154,0,0
"421010279011",41528,191,300,25,11.2426035502959,0.408719346049046
"421010279012",NA,206,431,43.3098591549296,0,0
"421010279013",NA,100,216,9.3984962406015,23.943661971831,0
"421010279014",32250,316,538,10.0564971751412,12.9449838187702,0
"421010279021",42684,366,797,11.5789473684211,0,0
"421010279022",49844,267,454,25.6130790190736,6.19834710743802,46.0215053763441
"421010280001",NA,192,386,4.04721753794266,10.4408352668213,0
"421010280002",11565,78,407,8.33333333333333,0,0
"421010280003",48672,378,595,21.4996174445295,0,0
"421010280004",40403,244,378,9.7877358490566,25.4437869822485,2.34741784037559
"421010281001",63842,506,1044,25.4057428214732,0,16.2883087400681
"421010281002",44273,284,409,0,18.6878727634195,0
"421010281003",31144,78,305,0,20.5729166666667,6.67976424361493
"421010282001",65997,284,510,4.98575498575499,0,9.19540229885057
"421010282002",NA,144,673,8.20073439412485,5.34458509142053,3.79746835443038
"421010282003",NA,813,1165,12.6018207954001,0,0.452961672473868
"421010283001",NA,102,274,0,0,0
"421010283002",NA,283,327,0,0,4.34782608695652
"421010283003",86017,18,138,0,0,2.69058295964126
"421010283004",41571,285,728,17.1833480956599,4.83660130718954,19.2756036636137
"421010283005",NA,112,361,46.3362068965517,9.2964824120603,0
"421010283006",NA,312,412,18.4842883548983,27.972027972028,0
"421010283007",76778,28,325,10.1293103448276,36.8932038834951,30.8641975308642
"421010284001",26035,159,363,12.6953125,7.86802030456853,0.158227848101266
"421010284002",NA,210,384,12.6801152737752,0,3.52564102564103
"421010284003",22987,316,469,10.3343465045593,0.845665961945032,14.9853085210578
"421010284004",63953,210,247,1.83028286189684,0,4.95314591700134
"421010285001",NA,443,1081,6.02706027060271,8.54483925549915,1.79047619047619
"421010286001",NA,285,499,25.0663129973475,12.4561403508772,10.6943335993615
"421010286002",33839,212,355,4.8494983277592,10.8040201005025,0
"421010286003",61800,637,980,2.88607594936709,0,0
"421010286004",60719,671,766,16.5354330708661,0,9.57496496964036
"421010287001",26500,381,520,13.2492113564669,12.0135363790186,13.0675526024363
"421010287002",NA,128,236,16.25,17.7700348432056,19.1094619666048
"421010288001",32310,364,617,8.19838056680162,3.29153605015674,2.77777777777778
"421010288002",NA,201,420,18.8965517241379,0,33.7278106508876
"421010288003",68790,328,634,2.4,4.08472012102874,20.2115158636898
"421010289011",41823,207,271,16.0493827160494,13.4185303514377,4.28713858424726
"421010289012",56755,394,469,0,0,30.1282051282051
"421010289013",22112,348,439,2.10674157303371,11.8473895582329,26.8543956043956
"421010289021",38333,488,698,4.68187274909964,8.27858081471748,47.7198697068404
"421010289022",88553,299,380,25.0542299349241,13.6363636363636,5.31479967293541
"421010289023",NA,290,327,0,7.6271186440678,2.4416135881104
"421010289024",32837,120,205,0,11.6379310344828,0
"421010289025",51838,302,351,8.18181818181818,0,22.5877192982456
"421010290001",45800,330,408,17.6904176904177,8.10810810810811,4.07091267235719
"421010290002",47083,608,1136,11.5550332941637,1.55979202772964,8.11254396248535
"421010290003",35863,436,549,6.69950738916256,10,12.7450980392157
"421010291001",NA,246,247,21.5116279069767,20.0647249190939,0
"421010291002",NA,655,805,14.1135972461274,6.9364161849711,5.36552649228706
"421010291003",31618,315,432,22.5449515905947,0,19.4468452895419
"421010291004",41019,151,178,11.7096018735363,13.1707317073171,10.6086956521739
"421010292001",NA,278,493,8.8646967340591,19.8373983739837,36.1882716049383
"421010292002",130688,276,364,23.3373639661427,9.22693266832918,20.9944751381215
"421010292003",79127,379,518,40.9233997901364,0,17.8546224417784
"421010293001",68848,617,714,28.1642917015926,7.87096774193548,45.2738990332975
"421010293002",17151,206,547,5.59610705596107,15.5864197530864,28.3760683760684
"421010294001",NA,73,157,17.4447174447174,15.5913978494624,4.67289719626168
"421010294002",24217,596,795,1.02389078498294,10.1694915254237,21.0439786272092
"421010294003",45543,75,240,0,0,36.7851622874807
"421010298001",49063,189,310,17.0258620689655,15.3005464480874,25.1633986928105
"421010298002",48633,417,479,6.22119815668203,3.81526104417671,19.6223870532704
"421010298003",49052,198,290,0,2.68456375838926,57.6819407008086
"421010298004",67644,361,395,7.00549450549451,17.0168067226891,11.2676056338028
"421010298005",NA,138,404,1.99203187250996,14.7679324894515,32.9396325459318
"421010299001",NA,181,283,28.133704735376,20.2816901408451,2.24014336917563
"421010299002",32759,115,330,20.479302832244,8.07799442896936,23.785594639866
"421010299003",46087,263,300,0,14.5299145299145,26.2562814070352
"421010299004",51890,369,547,4.31578947368421,3.86643233743409,1.93003618817853
"421010300001",33851,543,790,29.1090629800307,10.8352144469526,16.8779427743571
"421010300002",30794,389,666,7.63956904995103,4.03458213256484,23.8028169014085
"421010300003",70438,329,439,11.8359739049394,19.1528545119705,32.7524038461538
"421010300004",33258,493,852,17.8542834267414,10.410094637224,0
"421010301001",16901,143,400,2.62345679012346,11.8942731277533,15.8745247148289
"421010301002",NA,256,1003,15.4285714285714,5.28800755429651,9.15492957746479
"421010301003",NA,463,487,32.289156626506,0,1.05324751316559
"421010301004",NA,133,346,12.6455906821963,23.1111111111111,11.4432989690722
"421010301005",65855,266,406,45.9944751381215,0,33.716915995397
"421010302001",45164,288,529,5.81162324649299,15.4952076677316,19.0045248868778
"421010302002",92698,513,680,2.43079000675219,9.09090909090909,18.4857801691007
"421010302003",95866,452,659,27.2164948453608,3.37243401759531,38.317283324886
"421010302004",35873,395,716,1.12540192926045,20,8.76696832579186
"421010305011",50089,175,366,15.7221206581353,11.1650485436893,12.5298329355609
"421010305012",20260,344,532,17.6395939086294,3.09653916211293,7.55064456721915
"421010305013",60394,737,877,8.95080023710729,5.6989247311828,4.50199203187251
"421010305021",NA,163,236,12.0192307692308,33.5211267605634,11.6248348745046
"421010305022",66392,506,597,20.1596806387226,2.92682926829268,16.8364289994008
"421010305023",40282,259,327,10.9120521172638,7.6271186440678,19.906868451688
"421010305024",60144,364,420,11.2107623318386,0,2.07810820494446
"421010305025",NA,172,207,23.3870967741935,0,20.8869814020029
"421010306001",71000,270,446,28.415961305925,0,59.1133004926108
"421010306002",NA,570,1032,14.5299145299145,3.91061452513966,55.8898305084746
"421010306003",66645,463,659,20.2359346642468,0,18.1523500810373
"421010306004",26886,453,802,4.87421383647799,0,36.3895216400911
"421010307001",57544,348,624,11.9457013574661,7.55555555555556,16.0642570281125
"421010307002",54924,167,286,19.1747572815534,13.855421686747,27.5526742301459
"421010307003",65766,426,1015,44.5125689760883,2.96367112810707,29.3706293706294
"421010308001",50913,195,265,21.978021978022,0,22.3342939481268
"421010308002",64181,276,439,28.8,1.78970917225951,60.7171964140179
"421010308003",59419,466,756,15.210608424337,7.46634026927785,30.8550185873606
"421010308004",58384,283,409,27.2611464968153,15.1452282157676,36.1646234676007
"421010309001",70078,302,591,17.9234972677596,4.21393841166937,39.9427344309234
"421010309002",NA,180,322,7.45762711864407,6.3953488372093,2.13414634146341
"421010309003",57332,604,637,26.5422077922078,3.92156862745098,14.8717948717949
"421010310001",92514,450,487,12.0911793855302,0,20.5963302752294
"421010310002",NA,263,429,38.5555555555556,24.7368421052632,63.115845539281
"421010310003",70606,378,378,23.3082706766917,12.9032258064516,23.7321196358908
"421010310004",60797,692,866,13.9650872817955,5.04385964912281,30.8277027027027
"421010311011",NA,284,334,16.5884194053208,7.22222222222222,46.5725806451613
"421010311012",68167,186,252,17.1366594360087,12.1951219512195,22.6148409893993
"421010311013",84828,253,484,7.37786640079761,10.5360443622921,16
"421010311014",46381,409,659,25.5172413793103,4.07569141193595,6.72937771345876
"421010311021",65811,120,192,25.7309941520468,5.41871921182266,0
"421010311022",NA,207,290,17.6363636363636,0,5.47798066595059
"421010311023",NA,166,251,13.4969325153374,13.448275862069,1.99146514935989
"421010311024",70069,554,671,9.91052993805919,5.09193776520509,24.2487479131886
"421010312001",87517,310,353,9.50354609929078,2.21606648199446,5.99041533546326
"421010312002",42778,607,1010,32.0610687022901,7.6782449725777,12.2315950920245
"421010312003",58098,137,473,15.0375939849624,0,19.53125
"421010313001",63170,502,928,9.02643455834945,5.78680203045685,17.8294573643411
"421010313002",62167,1000,1122,8.96007428040854,4.67289719626168,26.0919540229885
"421010313003",66691,251,332,26.0700389105058,7.52089136490251,9.81767180925666
"421010314011",45905,582,782,9.73813420621931,4.98177399756987,39.8804047838087
"421010314012",48272,547,573,4.19047619047619,14.2215568862275,23.6697247706422
"421010314013",74719,661,791,10.727969348659,0,45.565170362358
"421010314021",46698,266,423,9.40594059405941,12.4223602484472,28.2481751824818
"421010314022",51875,347,443,2.98869143780291,5.13918629550321,10.6769400110072
"421010314023",66132,649,871,15.6662665066026,1.5819209039548,14.2857142857143
"421010315011",96682,572,606,27.9258400926999,10.0890207715134,38.2465057179161
"421010315012",66597,953,1315,33.1755424063116,0,53.957423580786
"421010315013",30855,327,457,3.51872871736663,23.8333333333333,16.9721656483367
"421010315021",34803,378,611,19.9619771863118,4.6801872074883,51.9070321811681
"421010315022",45026,228,337,16.135881104034,0,42.6356589147287
"421010315023",47348,262,378,23.7196765498652,2.32558139534884,39.0393013100437
"421010316001",NA,329,393,7.74193548387097,0,19.6496989600438
"421010316002",NA,69,69,36.6666666666667,49.2647058823529,32.0175438596491
"421010316003",NA,141,227,0,0,85.1662404092072
"421010316004",60986,146,174,19.2771084337349,0,38.7840670859539
"421010316005",NA,118,217,5.93406593406593,19.3308550185874,74.2489270386266
"421010316006",40318,201,305,10.1027397260274,19.7368421052632,30.4696449026346
"421010316007",NA,585,675,10.5901374292643,0,31.7720090293454
"421010317001",50563,314,439,15.1755379388448,0,40.3225806451613
"421010317002",NA,556,1035,10.8219988172679,0,22.6024503591044
"421010317003",41655,106,217,43.359375,35.2238805970149,25.7322175732218
"421010317004",46277,172,310,9.32754880694143,16.8900804289544,30.4740406320542
"421010317005",NA,235,381,4.22535211267606,13.2118451025057,41.973840665874
"421010318001",61063,210,433,21.3204951856946,2.47747747747748,24.3932038834951
"421010318002",61625,314,453,10.8433734939759,20.9424083769633,47.3481195756991
"421010318003",52150,159,332,3.1496062992126,0,39.52
"421010318004",84488,277,544,7.22278738555443,0,8.43653250773994
"421010319001",51298,415,459,26.6749379652605,1.71306209850107,34.5238095238095
"421010319002",58700,272,328,7.51252086811352,0,50.8444444444444
"421010319003",33623,167,379,15.3424657534247,19.017094017094,32.6754385964912
"421010319004",49276,191,269,4.0084388185654,0,28.6052009456265
"421010319005",28438,306,348,19.1204588910134,14.0740740740741,7.15596330275229
"421010320001",75391,92,125,24.5353159851301,25.1497005988024,41.2213740458015
"421010320002",85707,406,487,25.8426966292135,8.28625235404896,59.8074608904934
"421010320003",101284,320,414,23.739837398374,9.60698689956332,69.7263901147396
"421010320004",NA,147,245,18.4210526315789,0,46.1428571428571
"421010320005",51217,127,248,0,5.70342205323194,79.6545105566219
"421010320006",NA,572,597,0.897959183673469,0,42.567248702218
"421010320007",21235,196,389,17.8030303030303,0,42.5878320479863
"421010321001",NA,276,657,32.2820037105751,7.7247191011236,40.302613480055
"421010321002",57931,253,357,17.1768707482993,5.55555555555556,42.3037716615698
"421010321003",50179,286,615,20.2275600505689,7.5187969924812,37.1702637889688
"421010323001",60305,213,363,2.7363184079602,15.9722222222222,11.7886178861789
"421010323002",38619,482,570,1.47213459516299,0,48.5104270109235
"421010323003",36556,214,601,9.23845193508115,5.94679186228482,33.8414634146341
"421010325001",57909,163,301,6.21669626998224,0,54.4097693351425
"421010325002",52933,464,712,14.4597887896019,18.348623853211,46.8457943925234
"421010325003",52091,549,1401,6.57407407407407,10.5363984674329,50.1893939393939
"421010326001",97819,855,1219,7.13178294573643,4.765625,42.9166666666667
"421010326002",70903,635,1115,37.0584829183555,2.62008733624454,62.891046386192
"421010326003",NA,373,609,33.3939945404914,6.88073394495413,60.0148367952522
"421010329001",63681,189,425,13.4416543574594,8.00865800865801,59.0511860174782
"421010329002",49412,196,624,36.5650969529086,12.9707112970711,48.7261146496815
"421010329003",57120,489,842,7.19051148999259,6.34037819799777,32.6465927099842
"421010330001",66638,406,423,40.1418439716312,0,38.7481371087928
"421010330002",NA,180,237,26.1421319796954,0,22.1826809015421
"421010330003",63207,275,365,24.1071428571429,8.06045340050378,60.7244318181818
"421010330004",NA,755,777,7.37931034482759,0,7.67850735557948
"421010330005",125859,275,315,11.5646258503401,0,50.2868068833652
"421010330006",NA,489,1009,34.4872632266492,0,44.3031536113937
"421010330007",100795,104,126,29.4117647058824,0,53.0612244897959
"421010331011",77016,736,1102,18.4782608695652,10.2605863192182,56.0039695666556
"421010331012",42288,475,660,13.1190269331017,0,32.7102803738318
"421010331021",82159,137,221,52.4625267665953,0,85.1724137931034
"421010331022",NA,254,384,25.546218487395,7.2463768115942,63.1862217438105
"421010331023",57813,254,458,20.4026845637584,5.76131687242798,41.25
"421010331024",71523,284,529,30.4,5.19713261648746,86.8761552680222
"421010332001",72377,385,619,31.1421528348398,0,42.9090909090909
"421010332002",64255,252,390,11.3207547169811,22.1556886227545,42.1797004991681
"421010333001",32596,180,485,21.9679633867277,22.1508828250401,72.0650636492221
"421010333002",NA,330,537,32.2680412371134,1.82815356489945,51.937984496124
"421010333003",NA,359,620,32.3342415985468,5.34351145038168,49.4548286604361
"421010334001",58375,203,297,19.6691176470588,17.5,75.6676557863502
"421010334002",55115,498,858,17.3571428571429,0,50.6804572672836
"421010334003",58500,209,316,15.609756097561,0,53.2033426183844
"421010334004",51827,416,641,39.2945036915505,0,39.1691394658754
"421010335001",50313,291,430,24.537037037037,0,16.3165266106443
"421010335002",47447,283,803,24.7822644497229,3.48557692307692,52.5081433224756
"421010335003",39647,278,299,20.4119850187266,0,30.1834862385321
"421010336001",36243,539,653,15.5956112852665,5.49927641099855,34.5141215892772
"421010336002",46602,368,570,26.1567516525024,0,49.1071428571429
"421010336003",44725,636,1042,34.6765039727582,15.6275303643725,68.3380509502628
"421010336004",130438,223,300,17.0441001191895,0,46.0019743336624
"421010337011",53838,642,869,34.1010876519514,6.05405405405405,30.1332108406063
"421010337012",31364,247,362,15.2472527472527,0,54.3127962085308
"421010337013",10713,56,379,32.4074074074074,0,53.57833655706
"421010337014",95017,625,852,31.1053984575835,0,51.7030233448144
"421010337021",52431,338,440,34.7027027027027,0,81.7267393126572
"421010337022",81310,534,908,42.4242424242424,0,43.2697014194812
"421010337023",51336,160,160,32.8519855595668,9.6045197740113,47.8260869565217
"421010337024",125000,255,308,32.7251995438997,0,61.8625277161862
"421010338001",54113,320,737,28.4804367606915,0,58.5009140767825
"421010338002",71042,722,803,11.4285714285714,6.19158878504673,62.5741670470105
"421010338003",66694,664,988,29.7112860892388,5.3639846743295,75.0673335898422
"421010339001",104792,242,443,42.5,0,57.9473206176203
"421010339002",45313,407,1006,26.577840112202,11.8317265556529,50.264805007222
"421010340001",130474,434,545,35,0,80.2526595744681
"421010340002",99167,278,382,30.2739726027397,0,45.1271186440678
"421010340003",120729,219,287,18.9292543021032,2.71186440677966,58.4967320261438
"421010341001",74440,404,669,29.6714579055441,0,64.6929824561404
"421010341002",70334,625,917,45.4794520547945,6.99797160243408,66.0069272637308
"421010341003",72870,501,710,24.037706205813,0,81.2458137977227
"421010341004",81609,225,446,44.888178913738,0,89.1041162227603
"421010342001",93209,467,733,39.1269199676637,0,66.9416243654822
"421010342002",60133,497,895,40.8883082952319,17.5874769797422,75.7965056526208
"421010344001",78060,584,867,29.4594594594595,0,75.1525235718247
"421010344002",121953,459,663,30.955497382199,0,75.3002610966057
"421010344003",136136,643,702,52.9262086513995,0,72.9351376574895
"421010344004",133777,578,780,45.3350031308704,8.55803048065651,75.311004784689
"421010345011",45033,387,1285,35.710367526056,3.0920060331825,61.0432330827068
"421010345012",49091,699,1026,36.5867579908676,3.93258426966292,50.2204261572373
"421010345021",68731,377,542,39.91462113127,0,47.3723168023686
"421010345022",59750,422,1017,37.1638141809291,0,57.7207696102615
"421010345023",70060,516,894,52.2605363984674,4.8936170212766,29.7416162726773
"421010346001",67381,388,724,41.7709335899904,0,33.1234256926952
"421010346002",54583,321,687,18.2401466544455,10.4302477183833,39.407598197038
"421010347011",NA,242,451,35.9183673469388,0,46.390977443609
"421010347012",76734,466,853,33.7427278603749,0,57.3299535276722
"421010347013",51169,554,841,24.7939124920736,0,44.7656592203241
"421010347014",81720,564,663,24.3277848911652,0,70.3040173724213
"421010347021",75673,439,636,31.8264014466546,0,67.2773215413771
"421010347022",121563,280,312,30.9119010819165,0,87.7551020408163
"421010347023",80089,306,447,31.7647058823529,0,89.1891891891892
"421010348011",51985,373,627,22.8443449048152,0,92.2540666150271
"421010348012",73750,479,692,21.0608424336973,0,72.7878787878788
"421010348013",68358,495,794,25.7099002302379,1.12079701120797,74.2857142857143
"421010348021",42877,717,1159,18.7420584498094,7.28,40.159767610748
"421010348022",57308,300,648,15.3926701570681,0,65.107057890563
"421010348023",135083,445,663,41.3617021276596,0,99.6966019417476
"421010348031",100370,293,358,19.0909090909091,8.2051282051282,80.4535637149028
"421010348032",72788,529,856,18.9811584089323,10.8333333333333,80.7174887892377
"421010348033",72042,203,333,26.6778523489933,0,83.9181286549708
"421010349001",93110,412,459,52.9154518950437,0,10.0603621730382
"421010349002",53358,573,942,27.1033653846154,5.61122244488978,43.9731205375892
"421010349003",53941,139,252,24.4859813084112,0,40.7476635514019
"421010349004",62457,286,503,13.469387755102,0,60.7970342910102
"421010351001",37259,215,533,44.8430493273543,15.7977883096367,62.0591039084843
"421010351002",100108,451,690,32.5102880658436,6.25,87.4213836477987
"421010351003",68333,276,958,41.3715146948003,0,72.0746590093324
"421010352001",64828,587,974,41.0046728971963,0,83.392382639504
"421010352002",145278,177,530,24.1084165477889,0,100
"421010352003",79581,295,770,28.3178360101437,0,91.4131169709263
"421010353011",98516,632,987,26.3837638376384,1.3,72.7894257064722
"421010353012",93915,479,602,28.0779450841453,0,93.0687203791469
"421010353013",81019,353,588,26.9230769230769,0,80.2675585284281
"421010353021",54826,423,736,29.5124037639008,5.03225806451613,68.8405797101449
"421010353022",82035,634,1062,39.792899408284,7.57180156657963,59.6809508914607
"421010355001",89196,938,1343,30.4103671706264,6.34588563458856,69.1392978482446
"421010355002",62788,383,646,27.3609885260371,0,84.3795620437956
"421010355003",57380,704,1036,41.543178334185,3.44827586206897,60.4286261002679
"421010356011",82619,401,804,35.1063829787234,6.29370629370629,65.9255679072015
"421010356012",105000,322,552,43.6213991769547,0,69.1489361702128
"421010356013",NA,360,390,12.7314814814815,0,52.8862478777589
"421010356014",45500,201,562,36.235595390525,0,81.4159292035398
"421010356021",104393,469,529,36.4963503649635,0,60.6143344709898
"421010356022",107039,488,722,37.9310344827586,0,58.4615384615385
"421010357011",45238,643,1000,24.290780141844,3.93852065321806,59.2577147623019
"421010357012",75093,723,932,35.9170305676856,0,45.1177151678888
"421010357021",91523,389,490,41.8642681929681,0,56.0199625701809
"421010357022",56071,924,1418,36.028192371476,8.27943078913325,77.8362380795791
"421010358001",47024,549,928,26.7779839208411,1.59066808059385,57.2987721691678
"421010358002",65911,317,408,40.3080872913992,0,95.995670995671
"421010358003",85786,768,1042,41.0071942446043,0,65.8835904628331
"421010359001",NA,522,1146,36.5330321852061,8.97537728355838,69.578853046595
"421010359002",72273,909,1046,28.679602460956,1.78403755868545,68.984591070723
"421010360001",NA,91,289,28.9052890528905,10.5263157894737,60.8225108225108
"421010360002",65852,717,967,39.1793142214727,3.3,46.7908902691511
"421010360003",NA,0,0,NA,NA,NA
"421010361001",105992,256,402,19.5652173913043,8.21917808219178,25.4256526674234
"421010361002",114620,376,474,22.6354941551541,0,88.3183568677792
"421010361003",78750,366,661,19.4558944765045,8.19444444444444,73.3288770053476
"421010362011",94474,535,738,35.6849876948318,5.38461538461539,80.6554392353209
"421010362012",189238,202,325,22.1731448763251,0,83.1884057971015
"421010362013",80781,277,416,24.6771879483501,11.6772823779193,88.9344262295082
"421010362014",NA,185,483,29.291553133515,0,99.591280653951
"421010362021",95654,439,934,31.7194289261328,0,94.7169811320755
"421010362022",87169,346,490,24.2120343839542,15.5172413793103,91.0472972972973
"421010362023",82050,500,909,22.4058162590879,0,83.5036496350365
"421010362031",65987,367,594,24.5346869712352,0,66.4369400413508
"421010362032",173173,273,307,35.8940397350993,7.53012048192771,88.8501742160279
"421010362033",85539,614,913,27.843137254902,4.4979079497908,93.4070796460177
"421010363011",78889,445,658,25.6896551724138,11.5591397849462,63.1989596879064
"421010363012",110298,610,799,30.881494454174,1.84275184275184,58.6128739800544
"421010363021",77769,452,596,23.0221518987342,0,48.4547461368653
"421010363022",98250,611,735,30.5537459283388,0,75.3475440222428
"421010363031",65726,509,862,27.4428274428274,4.96141124586549,67.2595886603669
"421010363032",75089,252,333,18.5059422750424,0,78.3564814814815
"421010363033",119757,545,618,35.8102766798419,9.3841642228739,93.1798436142485
"421010363034",112511,407,523,18,8.24561403508772,80.9732094040459
"421010364001",101094,268,331,22.4155578300921,4.33526011560694,83.7390457643622
"421010365011",103582,520,819,44.7771124417831,11.9354838709677,89.0836254381572
"421010365012",133567,331,353,38.0952380952381,0,78.5115303983228
"421010365013",53958,494,958,37.420584498094,4.86593843098312,69.6811291165708
"421010365021",72396,620,1296,38.4240814519699,3.06656694091249,75.0573582431989
"421010365022",125656,351,443,47.576099210823,0,93.3872152828802
"421010366001",219609,150,223,90.2542372881356,0,85.2327447833066
"421010366002",119260,10,255,97.9539641943734,0,68.9826302729529
"421010366003",169375,318,654,62.9737609329446,14.2857142857143,67.0094258783205
"421010366004",133333,19,96,71.4285714285714,18.6440677966102,84.3137254901961
"421010367001",103750,51,151,100,15.6424581005587,75.8620689655172
"421010367002",193558,553,1207,74.4439400817068,4.73559589581689,62.5769230769231
"421010367003",105455,163,488,82.3444283646889,10.6227106227106,81.9724284199364
"421010369011",NA,0,0,NA,NA,NA
"421010369012",NA,0,0,19.5121951219512,NA,0
"421010369013",NA,0,0,NA,NA,NA
"421010369014",NA,0,0,NA,NA,NA
"421010369021",NA,0,0,NA,NA,NA
"421010369022",NA,0,0,70.5882352941177,NA,64.4444444444444
"421010369023",NA,0,0,33.3333333333333,NA,64.4981412639405
"421010369024",NA,24,338,87.9069767441861,4.24929178470255,44.151376146789
"421010369025",NA,0,96,100,7.69230769230769,55.5471698113208
"421010369026",69107,141,579,89.272030651341,9.53125,35.3790613718412
"421010372001",145217,263,448,36.4973262032086,0,96.6996699669967
"421010372002",67946,229,426,18.9856957087126,17.4418604651163,57.1266968325792
"421010372003",76845,148,243,21.3759213759214,12.9032258064516,94.3983402489627
"421010372004",46182,476,567,13.7396694214876,0,18.2363527294541
"421010373001",81844,680,944,42.326139088729,6.16302186878728,96.6968325791855
"421010373002",116875,399,697,39.2405063291139,0,100
"421010373003",119050,336,850,46.1474730737365,5.97345132743363,63.018354860639
"421010373004",133393,182,243,50.5854800936768,14.7368421052632,55.1232166018158
"421010375001",120816,546,676,49.5695839311334,2.45310245310245,55.0261475886113
"421010375002",54575,163,758,52.6881720430108,22.0966084275437,34.7334410339257
"421010376001",14821,53,222,7.77537796976242,9.38775510204082,21.9066937119675
"421010376002",85982,173,529,73.5261401557286,1.6728624535316,65.4867256637168
"421010376003",135639,239,1039,82.7168367346939,10.121107266436,58.8100686498856
"421010377001",NA,0,16,39.1304347826087,78.0821917808219,71.830985915493
"421010377002",NA,820,1378,14.9137451307735,7.14285714285714,18.7539531941809
"421010377003",10553,41,335,83.7837837837838,16.25,50.231124807396
"421010378001",NA,0,0,NA,NA,NA
"421010378002",61623,144,485,50.8951406649616,6.37065637065637,85.3107344632768
"421010378003",NA,0,0,NA,NA,NA
"421010378004",NA,0,0,NA,NA,NA
"421010378005",NA,34,315,36.4224137931034,0,74.375
"421010378006",NA,0,0,NA,NA,NA
"421010378007",NA,0,0,NA,NA,NA
"421010378008",115729,105,357,29.3103448275862,14.1826923076923,73.6914600550964
"421010379001",NA,147,264,21.2669683257919,4.34782608695652,77.3333333333333
"421010379002",61420,269,468,37.8313253012048,0,87.0762711864407
"421010379003",50060,82,283,24.9322493224932,16.2721893491124,100
"421010379004",115840,164,375,79.4985250737463,29.1115311909263,77.431421446384
"421010379005",NA,357,456,43.4456928838951,19.8594024604569,100
"421010379006",137243,283,419,42.1383647798742,0,100
"421010380001",78528,248,413,24.364896073903,8.22222222222222,66.8845315904139
"421010380002",44591,337,380,15.3488372093023,13.0434782608696,49.7942386831276
"421010381001",39939,199,317,16.195856873823,9.42857142857143,54.9789621318373
"421010382001",42694,109,438,17.8683385579937,11.1561866125761,75.253807106599
"421010382002",76982,206,461,22.1518987341772,16.0291438979964,75.4214729370009
"421010382003",56806,99,322,2.93501048218029,13.903743315508,9.6875
"421010383011",32337,466,743,13.8755980861244,11.0179640718563,8.27765404602821
"421010384001",110724,386,562,59.4752186588921,2.7681660899654,62.9518072289157
"421010384002",127000,344,450,49.5689655172414,0.881057268722467,85.6779661016949
"421010385001",124324,461,924,80.1328903654485,6.19289340101523,84.4279661016949
"421010386001",180000,445,582,88.4353741496599,4.43349753694581,72.3446893787575
"421010387001",120598,427,781,77.6315789473684,3.9360393603936,80.4747774480712
"421010387002",250001,63,69,98.7603305785124,0,75.3623188405797
"421010388001",79185,161,437,74.6732026143791,14.9805447470817,79.1304347826087
"421010388002",117917,305,554,67.0626349892009,0,66.5874901029295
"421010388003",NA,144,393,69.3220338983051,7.52941176470588,41.1585365853659
"421010388004",147560,350,485,75.593220338983,12.4548736462094,59.5513748191027
"421010389001",62384,216,316,31.5714285714286,0,13.1459655485041
"421010389002",73889,272,560,26.5536723163842,8.34697217675941,1.37719969395562
"421010389003",44271,214,434,32.6923076923077,0,12.7557160048135
"421010390011",27981,291,351,19.1780821917808,4.0983606557377,0
"421010390012",82847,183,330,12.0665742024965,8.33333333333333,8.39160839160839
"421010390013",NA,231,297,8.3989501312336,0,1.71821305841924
"421010390014",47136,290,332,15.8536585365854,0,1.60075329566855
"421010390021",NA,0,0,NA,NA,NA
"421010390022",NA,146,190,10.955710955711,24,6.070826306914
"421010390023",NA,328,401,27.6771004942339,0,54.6549835706462
"421010390024",95484,907,1151,30.192608016658,4.24292845257903,17.4573643410853
"421010391001",NA,0,0,NA,NA,NA
"421010391002",10968,272,549,0,10.586319218241,0
"421010391003",44500,169,268,23.7851662404092,8.84353741496599,2.1021021021021
"421010391004",50577,218,286,9.53389830508475,10.625,0
"421019800011",NA,0,0,NA,NA,NA
"421019800012",NA,0,0,NA,100,NA
"421019800021",NA,0,0,NA,NA,NA
"421019800022",NA,0,0,NA,NA,NA
"421019800031",NA,0,0,NA,NA,NA
"421019800032",NA,0,0,NA,NA,NA
"421019801001",108889,58,66,53.5433070866142,0,95.3177257525084
"421019802001",NA,13,13,27.6422764227642,0,62.3737373737374
"421019803001",NA,0,0,NA,NA,NA
"421019803002",NA,0,0,NA,NA,NA
"421019803003",NA,0,0,NA,NA,NA
"421019804001",NA,0,0,NA,NA,NA
"421019805001",NA,0,0,NA,NA,NA
"421019806001",NA,0,0,NA,NA,NA
"421019807011",NA,0,0,NA,NA,NA
"421019807012",NA,0,0,NA,NA,NA
"421019807013",NA,0,0,NA,NA,NA
"421019807014",NA,0,0,NA,NA,NA
"421019807021",NA,0,0,NA,NA,NA
"421019808001",NA,0,0,NA,NA,NA
"421019809011",NA,0,0,NA,NA,NA
"421019809012",NA,0,0,NA,NA,NA
"421019809013",NA,0,0,NA,NA,NA
"421019809014",NA,0,0,NA,NA,NA
"421019809015",NA,0,0,NA,NA,NA
"421019809016",NA,0,0,NA,NA,NA
"421019809017",NA,0,0,NA,NA,NA
"421019809018",NA,0,0,NA,NA,NA
"421019809021",NA,0,0,NA,NA,NA
"421019809031",NA,0,0,NA,NA,NA
"421019809041",NA,0,0,NA,NA,NA
"421019809051",NA,0,0,NA,NA,NA
"421019809061",NA,0,0,NA,NA,NA
"421019891001",NA,0,0,2.35294117647059,NA,10.1063829787234
"421019891002",NA,0,0,NA,NA,NA
"421019891003",NA,0,0,2.5,NA,10.0409836065574
"421019891004",NA,0,0,NA,NA,NA
"421019892001",NA,0,0,NA,NA,NA
"421019892002",NA,0,0,NA,NA,NA
"421019892003",NA,0,0,NA,NA,NA
"421019892004",NA,0,0,NA,NA,NA
"421019892005",NA,0,0,NA,NA,NA
"421019892006",NA,0,0,NA,NA,NA
"421019892007",NA,0,0,NA,NA,NA
"421019893001",NA,0,0,NA,NA,NA
"421019893002",NA,0,0,1.50375939849624,NA,22.5
